Prices shown are for a single dose of medication. Each dosage will result in a separate charge.,,,
,,,
,,,
Medication Name,Route,Min. Charge,Max. Charge
ABACAVIR SULFATE,Oral/Enteral,$12.00 ,$26.00 
ABACAVIR SULFATE/LAMIVUDINE,Oral/Enteral,$50.00 ,$50.00 
ABACAVIR/DOLUTEGRAVIR/LAMIVUDI,Oral/Enteral,$129.00 ,$129.00 
ABATACEPT/MALTOSE,IV-Inj,"$3,079.00 ","$11,669.00 "
ABCIXIMAB,IV-Inj,"$3,709.00 ","$7,202.00 "
ABOBOTULINUMTOXINA,IV-Inj,$524.00 ,"$7,090.00 "
ACAMPROSATE CALCIUM,Oral/Enteral,$2.00 ,$5.00 
ACEBUTOLOL HCL,Oral/Enteral,$1.00 ,$1.00 
ACETAMINOPHEN,IV-Inj,$291.00 ,$291.00 
ACETAZOLAMIDE,Oral/Enteral,$3.00 ,$10.00 
ACETAZOLAMIDE SODIUM,IV-Inj,$181.00 ,$226.00 
ACETIC ACID,Other,$5.00 ,$46.00 
ACETYLCHOLINE CHLORIDE,Other,$78.00 ,$78.00 
ACETYLCYSTEINE,Other,$2.00 ,$808.00 
ACETYLCYSTEINE,IV-Inj,$389.00 ,$808.00 
ACYCLOVIR,Other,$419.00 ,$419.00 
ACYCLOVIR,Oral/Enteral,$1.00 ,$9.00 
ACYCLOVIR SODIUM,IV-Inj,$181.00 ,$210.00 
ADEFOVIR DIPIVOXIL,Oral/Enteral,$40.00 ,$40.00 
ADENOSINE,IV-Inj,$185.00 ,$333.00 
ADO-TRASTUZUMAB EMTANSINE,IV-Inj,"$10,743.00 ","$30,496.00 "
AFLIBERCEPT,IV-Inj,"$4,093.00 ","$8,186.00 "
AFLIBERCEPT,Other,"$4,093.00 ","$4,093.00 "
AGALSIDASE BETA,IV-Inj,"$28,156.00 ","$48,736.00 "
ALBENDAZOLE,Oral/Enteral,$240.00 ,$719.00 
ALBUMIN HUMAN,Other,$643.00 ,$643.00 
ALBUMIN HUMAN,IV-Inj,$213.00 ,$528.00 
ALBUTEROL SULFATE,Other,$1.00 ,$54.00 
ALBUTEROL SULFATE,Oral/Enteral,$1.00 ,$1.00 
ALCLOMETASONE DIPROPIONATE,Other,$23.00 ,$23.00 
ALDESLEUKIN,IV-Inj,"$10,794.00 ","$10,794.00 "
ALEMTUZUMAB,IV-Inj,"$66,575.00 ","$66,575.00 "
ALFUZOSIN HCL,Oral/Enteral,$1.00 ,$1.00 
ALLOPURINOL,Oral/Enteral,$1.00 ,$3.00 
ALPHA-1-PROTEINASE INHIBITOR,IV-Inj,$640.00 ,"$9,489.00 "
ALPRAZOLAM,Oral/Enteral,$1.00 ,$1.00 
ALPROSTADIL,IV-Inj,$150.00 ,$150.00 
ALTEPLASE,IV-Inj,$400.00 ,"$23,249.00 "
ALTEPLASE,Other,$174.00 ,$707.00 
ALUMINUM HYDROXIDE,Oral/Enteral,$1.00 ,$1.00 
ALVIMOPAN,Oral/Enteral,$221.00 ,$221.00 
AMANTADINE HCL,Oral/Enteral,$1.00 ,$6.00 
AMIKACIN SULFATE,IV-Inj,$203.00 ,$364.00 
AMIKACIN SULFATE,Other,$185.00 ,$215.00 
AMILORIDE HCL,Oral/Enteral,$1.00 ,$6.00 
AMILORIDE/HYDROCHLOROTHIAZIDE,Oral/Enteral,$1.00 ,$1.00 
AMINO ACIDS 10 %,IV-Inj,"$1,334.00 ","$1,334.00 "
AMINO ACIDS 15 %,IV-Inj,"$1,334.00 ","$1,334.00 "
AMINO ACIDS 8 %,IV-Inj,"$1,334.00 ","$1,334.00 "
AMINOCAPROIC ACID,IV-Inj,$253.00 ,$253.00 
AMINOCAPROIC ACID,Oral/Enteral,$27.00 ,$129.00 
AMINOLEVULINIC ACID HCL,Other,$492.00 ,$492.00 
AMINOPHYLLINE,IV-Inj,$186.00 ,$193.00 
AMIODARONE HCL,IV-Inj,$220.00 ,$228.00 
AMIODARONE HCL,Oral/Enteral,$1.00 ,$2.00 
AMITRIPTYLINE HCL,Oral/Enteral,$1.00 ,$3.00 
AMLODIPINE BESYLATE,Oral/Enteral,$1.00 ,$1.00 
AMMONIA,Other,$1.00 ,$1.00 
AMMONIUM LACTATE,Other,$5.00 ,$27.00 
AMOBARBITAL SODIUM,IV-Inj,"$2,134.00 ","$2,134.00 "
AMOXAPINE,Oral/Enteral,$3.00 ,$6.00 
AMOXICILLIN,Oral/Enteral,$1.00 ,$2.00 
AMOXICILLIN/POTASSIUM CLAV,Oral/Enteral,$1.00 ,$4.00 
AMPHOTERICIN B,IV-Inj,$283.00 ,$283.00 
AMPHOTERICIN B,Other,$11.00 ,$21.00 
AMPHOTERICIN B LIPOSOME,IV-Inj,$407.00 ,"$3,192.00 "
AMPICILLIN SODIUM,IV-Inj,$180.00 ,$198.00 
AMPICILLIN SODIUM,Other,$181.00 ,$185.00 
AMPICILLIN SODIUM/SULBACTAM NA,IV-Inj,$181.00 ,$206.00 
AMPICILLIN SODIUM/SULBACTAM NA,Other,$206.00 ,$206.00 
ANAGRELIDE HCL,Oral/Enteral,$2.00 ,$2.00 
ANAKINRA,IV-Inj,$197.00 ,$197.00 
ANASTROZOLE,Oral/Enteral,$2.00 ,$2.00 
"ANGIOTENSIN II ACETATE, HUMAN",IV-Inj,"$4,415.00 ","$4,415.00 "
"ANTIHEMOPHIL.FVIII,FULL LENGTH",IV-Inj,$103.00 ,"$10,432.00 "
ANTIHEMOPHILIC FACTOR/VWF,IV-Inj,$928.00 ,"$11,198.00 "
ANTITHROMBIN III (PLASMA DER),IV-Inj,$102.00 ,"$7,219.00 "
"ANTI-THYMOCYTE GLOBULIN,RABBIT",IV-Inj,"$2,003.00 ","$16,309.00 "
"ANTI-THYMOCYTE GLOBULIN,SKIN TEST",IV-Inj,$12.00 ,$13.00 
"ANTIVENIN,CROTALIDAE FAB(OVIN)",IV-Inj,"$16,548.00 ","$49,213.00 "
APIXABAN,Oral/Enteral,$4.00 ,$4.00 
APRACLONIDINE HCL,Other,$74.00 ,$74.00 
APREPITANT,IV-Inj,$930.00 ,$930.00 
APREPITANT,Oral/Enteral,$7.00 ,$299.00 
ARGATROBAN,IV-Inj,$979.00 ,$979.00 
ARGININE,Oral/Enteral,$1.00 ,$50.00 
ARGININE,Other,$7.00 ,$7.00 
ARGININE HCL,IV-Inj,$291.00 ,$291.00 
ARGININE HCL,Oral/Enteral,$291.00 ,$291.00 
ARIPIPRAZOLE,IV-Inj,"$4,277.00 ","$8,339.00 "
ARIPIPRAZOLE,Oral/Enteral,$3.00 ,$7.00 
ARSENIC TRIOXIDE,IV-Inj,"$2,591.00 ","$7,171.00 "
ASCORBIC ACID,IV-Inj,$196.00 ,$196.00 
ASCORBIC ACID,Oral/Enteral,$1.00 ,$1.00 
ASENAPINE MALEATE,Oral/Enteral,$27.00 ,$80.00 
ASPARAGINASE (ERWINIA CHRYSAN),IV-Inj,"$11,062.00 ","$54,110.00 "
ASPIRIN/ACETAMINOPHEN/CAFFEINE,Oral/Enteral,$1.00 ,$1.00 
ASPIRIN/DIPYRIDAMOLE,Oral/Enteral,$6.00 ,$6.00 
ATAZANAVIR SULFATE,Oral/Enteral,$29.00 ,$68.00 
ATENOLOL,Oral/Enteral,$1.00 ,$1.00 
ATEZOLIZUMAB,IV-Inj,"$24,361.00 ","$24,361.00 "
ATOMOXETINE HCL,Oral/Enteral,$18.00 ,$20.00 
ATORVASTATIN CALCIUM,Oral/Enteral,$1.00 ,$4.00 
ATOVAQUONE,Oral/Enteral,$44.00 ,$88.00 
ATOVAQUONE/PROGUANIL HCL,Oral/Enteral,$23.00 ,$33.00 
ATROPINE SULFATE,IV-Inj,$190.00 ,$206.00 
ATROPINE SULFATE,Oral/Enteral,$36.00 ,$62.00 
ATROPINE SULFATE,Other,$62.00 ,$62.00 
AVELUMAB,IV-Inj,"$13,944.00 ","$21,290.00 "
AXICABTAGENE CILOLEUCEL,IV-Inj,"$1,026,050.00 ","$1,026,050.00 "
AZACITIDINE,IV-Inj,$320.00 ,"$1,488.00 "
AZATHIOPRINE,Oral/Enteral,$1.00 ,$5.00 
AZATHIOPRINE SODIUM,IV-Inj,"$1,169.00 ","$1,169.00 "
AZELASTINE HCL,Other,$92.00 ,$209.00 
AZITHROMYCIN,IV-Inj,$180.00 ,$223.00 
AZITHROMYCIN,Oral/Enteral,$1.00 ,$12.00 
AZTREONAM,IV-Inj,$261.00 ,$354.00 
AZTREONAM/DEXTROSE-WATER,IV-Inj,$391.00 ,$391.00 
BACITRACIN,IV-Inj,$195.00 ,$195.00 
BACITRACIN,Other,$1.00 ,$41.00 
BACITRACIN/POLYMYXIN B SULFATE,Other,$1.00 ,$13.00 
BACLOFEN,IV-Inj,"$2,623.00 ","$2,623.00 "
BACLOFEN,Other,"$2,623.00 ","$2,623.00 "
BACLOFEN,Oral/Enteral,$1.00 ,$3.00 
BACTERIOSTATIC SODIUM CHLORIDE,IV-Inj,$180.00 ,$182.00 
BALANCED SALT IRRIG SOLN NO.2,Other,$5.00 ,$5.00 
BALSALAZIDE DISODIUM,Oral/Enteral,$1.00 ,$2.00 
BALSAM PERU/CASTOR OIL,Other,$25.00 ,$25.00 
BARIUM SULFATE,Other,$6.00 ,$69.00 
BARIUM SULFATE,Oral/Enteral,$4.00 ,$29.00 
BASILIXIMAB,IV-Inj,"$10,025.00 ","$10,025.00 "
BCG LIVE,IV-Inj,$719.00 ,$719.00 
B-COMPLEX WITH VITAMIN C,Oral/Enteral,$1.00 ,$1.00 
BECLOMETHASONE DIPROPIONATE,Other,$216.00 ,$431.00 
BECLOMETHASONE DIPROPIONATE,Oral/Enteral,$31.00 ,$31.00 
BELATACEPT,IV-Inj,"$2,504.00 ","$4,395.00 "
BELIMUMAB,IV-Inj,"$5,863.00 ","$15,746.00 "
BENAZEPRIL HCL,Oral/Enteral,$1.00 ,$1.00 
BENDAMUSTINE HCL,IV-Inj,"$7,779.00 ","$16,883.00 "
BENOXINATE HCL/FLUORESCEIN SOD,Other,$34.00 ,$34.00 
BENRALIZUMAB,IV-Inj,"$13,521.00 ","$13,521.00 "
BENZOCAINE,Oral/Enteral,$5.00 ,$8.00 
BENZOCAINE,Other,$6.00 ,$6.00 
BENZOCAINE/MENTHOL,Other,$7.00 ,$7.00 
BENZOCAINE/MENTHOL,Oral/Enteral,$1.00 ,$3.00 
BENZONATATE,Oral/Enteral,$1.00 ,$3.00 
BENZOYL PEROXIDE,Other,$4.00 ,$4.00 
BENZTROPINE MESYLATE,Oral/Enteral,$1.00 ,$2.00 
BETA-CAROTENE,Oral/Enteral,$1.00 ,$1.00 
BETAINE (METABOLIC MODIFIER - HOMOCYSTINURIA TREATMENT AGENTS),Oral/Enteral,$1.00 ,$1.00 
"BETAMETHASONE ACETATE,SOD PHOS",IV-Inj,$183.00 ,$247.00 
"BETAMETHASONE ACETATE,SOD PHOS",Other,$225.00 ,$247.00 
BETAMETHASONE DIPROPIONATE,Other,$34.00 ,$113.00 
BETAMETHASONE VALERATE,Other,$14.00 ,$22.00 
BETAMETHASONE/PROPYLENE GLYC,Other,$70.00 ,$70.00 
BETAXOLOL HCL,Other,$53.00 ,$68.00 
BETHANECHOL CHLORIDE,Oral/Enteral,$1.00 ,$2.00 
BEVACIZUMAB,IV-Inj,$201.00 ,"$28,096.00 "
BEVACIZUMAB,Other,$201.00 ,"$2,392.00 "
BICALUTAMIDE,Oral/Enteral,$1.00 ,$2.00 
BICARBONATE DIALYSIS SOLN NO.2,Other,$91.00 ,$91.00 
BICARBONATE DIALYSIS SOLN NO.9,Other,$91.00 ,$91.00 
BICTEGRAV/EMTRICIT/TENOFOV ALA,Oral/Enteral,$135.00 ,$135.00 
BIMATOPROST,Other,$236.00 ,$236.00 
BIOTIN,Oral/Enteral,$1.00 ,$2.00 
BISACODYL,Oral/Enteral,$1.00 ,$1.00 
BISMUTH SUBSALICYLATE,Oral/Enteral,$1.00 ,$13.00 
BISOPROLOL FUMARATE,Oral/Enteral,$2.00 ,$3.00 
BIVALIRUDIN,IV-Inj,$823.00 ,$843.00 
BLEOMYCIN SULFATE,IV-Inj,$594.00 ,$594.00 
BLINATUMOMAB,IV-Inj,"$10,495.00 ","$10,495.00 "
BORTEZOMIB,IV-Inj,"$1,874.00 ","$4,708.00 "
BOSENTAN,Oral/Enteral,$306.00 ,$306.00 
BRENTUXIMAB VEDOTIN,IV-Inj,"$36,997.00 ","$78,378.00 "
BREXPIPRAZOLE,Oral/Enteral,$25.00 ,$98.00 
BRIMONIDINE TARTRATE,Other,$1.00 ,$2.00 
BRINZOLAMIDE,Other,$375.00 ,$375.00 
BROMOCRIPTINE MESYLATE,Oral/Enteral,$5.00 ,$5.00 
BUDESONIDE,Oral/Enteral,$11.00 ,$73.00 
BUDESONIDE,Other,$9.00 ,$19.00 
BUDESONIDE/FORMOTEROL FUMARATE,Other,$78.00 ,$371.00 
BUMETANIDE,IV-Inj,$180.00 ,$201.00 
BUMETANIDE,Oral/Enteral,$1.00 ,$10.00 
BUPIVACAINE HCL,Other,$180.00 ,$238.00 
BUPIVACAINE HCL,IV-Inj,$180.00 ,$194.00 
BUPIVACAINE HCL/EPINEPHRINE,IV-Inj,$188.00 ,$207.00 
BUPIVACAINE HCL/EPINEPHRINE,Other,$185.00 ,$189.00 
BUPIVACAINE LIPOSOME/PF,IV-Inj,"$1,188.00 ","$1,188.00 "
BUPIVACAINE LIPOSOME/PF,Other,"$1,188.00 ","$1,188.00 "
BUPRENORPHINE HCL,IV-Inj,$225.00 ,$225.00 
BUPRENORPHINE HCL,Oral/Enteral,$2.00 ,$8.00 
BUPRENORPHINE HCL/NALOXONE HCL,Oral/Enteral,$7.00 ,$10.00 
BUPROPION HCL,Oral/Enteral,$1.00 ,$9.00 
BUSPIRONE HCL,Oral/Enteral,$1.00 ,$1.00 
BUSULFAN,IV-Inj,"$2,742.00 ","$14,953.00 "
BUTALB/ACETAMINOPHEN/CAFFEINE,Oral/Enteral,$3.00 ,$3.00 
BUTORPHANOL TARTRATE,IV-Inj,$194.00 ,$194.00 
BUTORPHANOL TARTRATE,Other,$67.00 ,$67.00 
C1 ESTERASE INHIBITOR,IV-Inj,"$20,406.00 ","$20,406.00 "
CABAZITAXEL,IV-Inj,"$14,473.00 ","$82,415.00 "
CABERGOLINE,Oral/Enteral,$13.00 ,$26.00 
CADEXOMER IODINE,Other,$102.00 ,$102.00 
CAFFEINE,Oral/Enteral,$1.00 ,$1.00 
CAFFEINE CITRATE,IV-Inj,$181.00 ,$186.00 
CAFFEINE CITRATE,Oral/Enteral,$2.00 ,$5.00 
CAFFEINE/SODIUM BENZOATE,IV-Inj,$226.00 ,$272.00 
CALAMINE/ZINC OXIDE,Other,$353.00 ,$353.00 
CALCIPOTRIENE,Other,$280.00 ,$280.00 
"CALCITONIN,SALMON,SYNTHETIC",IV-Inj,"$1,851.00 ","$2,775.00 "
"CALCITONIN,SALMON,SYNTHETIC",Other,$42.00 ,$42.00 
CALCITRIOL,IV-Inj,$3.00 ,$5.00 
CALCITRIOL,Oral/Enteral,$1.00 ,$4.00 
CALCIUM ACETATE,Oral/Enteral,$3.00 ,$6.00 
CALCIUM ACETATE/ALUMINUM SULF,Other,$1.00 ,$2.00 
CALCIUM CARBONATE,Oral/Enteral,$1.00 ,$1.00 
CALCIUM CARBONATE/VITAMIN D3,Oral/Enteral,$1.00 ,$1.00 
CALCIUM CHLORIDE,IV-Inj,$184.00 ,"$1,477.00 "
CALCIUM CHLORIDE,Other,$184.00 ,$384.00 
CALCIUM CITRATE/VITAMIN D3,Oral/Enteral,$1.00 ,$1.00 
CALCIUM GLUCONATE,Other,$180.00 ,$328.00 
CALCIUM GLUCONATE,IV-Inj,$180.00 ,$239.00 
CALCIUM GLUCONATE IN 0.9% NACL,IV-Inj,$183.00 ,$185.00 
CALCIUM LACTATE,Oral/Enteral,$1.00 ,$1.00 
CALCIUM POLYCARBOPHIL,Oral/Enteral,$1.00 ,$1.00 
CAMPHOR/PHENOL,Other,$4.00 ,$78.00 
CANAKINUMAB/PF,IV-Inj,"$13,545.00 ","$88,603.00 "
CANDESARTAN CILEXETIL,Oral/Enteral,$2.00 ,$6.00 
CANDIDA ALBICANS SKIN TEST,IV-Inj,$286.00 ,$393.00 
CANTHARIDIN,Other,$50.00 ,$50.00 
CAPSAICIN,Other,$10.00 ,$10.00 
CAPTOPRIL,Oral/Enteral,$1.00 ,$5.00 
CARBAMAZEPINE,Oral/Enteral,$1.00 ,$8.00 
CARBAMIDE PEROXIDE,Other,$1.00 ,$7.00 
CARBIDOPA,Oral/Enteral,$12.00 ,$12.00 
CARBIDOPA/LEVODOPA,Oral/Enteral,$1.00 ,$3.00 
CARBON BLACK ENDOSCOPIC MARKING AGENT,Other,$102.00 ,$102.00 
CARBOPLATIN,IV-Inj,$316.00 ,$520.00 
CARBOPROST TROMETHAMINE,IV-Inj,"$1,314.00 ","$1,314.00 "
CARBOXYMETHYLCELLULOSE SODIUM,Other,$1.00 ,$1.00 
CARFILZOMIB,IV-Inj,"$5,466.00 ","$7,222.00 "
CARISOPRODOL,Oral/Enteral,$1.00 ,$1.00 
CARMUSTINE,IV-Inj,"$53,132.00 ","$95,398.00 "
CARVEDILOL,Other,$201.00 ,$201.00 
CARVEDILOL,Oral/Enteral,$1.00 ,$1.00 
CEFADROXIL,Oral/Enteral,$1.00 ,$3.00 
CEFAZOLIN SODIUM,IV-Inj,$180.00 ,$368.00 
CEFAZOLIN SODIUM,Other,$36.00 ,$36.00 
CEFDINIR,Oral/Enteral,$2.00 ,$2.00 
CEFEPIME HCL,IV-Inj,$180.00 ,$217.00 
CEFEPIME HCL,Other,$180.00 ,$198.00 
CEFIXIME,Oral/Enteral,$4.00 ,$43.00 
CEFOTAXIME SODIUM,IV-Inj,$185.00 ,$185.00 
CEFOTAXIME SODIUM,Other,$185.00 ,$185.00 
CEFOXITIN SODIUM,IV-Inj,$199.00 ,$222.00 
CEFTAROLINE FOSAMIL ACETATE,IV-Inj,$686.00 ,$686.00 
CEFTAZIDIME,IV-Inj,$180.00 ,$236.00 
CEFTAZIDIME,Other,$180.00 ,$193.00 
CEFTAZIDIME/AVIBACTAM,IV-Inj,"$1,160.00 ","$1,160.00 "
CEFTOLOZANE/TAZOBACTAM,IV-Inj,$517.00 ,$855.00 
CEFTRIAXONE SODIUM,IV-Inj,$180.00 ,$215.00 
CEFUROXIME AXETIL,Oral/Enteral,$3.00 ,$4.00 
CEFUROXIME SODIUM,IV-Inj,$191.00 ,$191.00 
CELECOXIB,Oral/Enteral,$2.00 ,$6.00 
CEPHALEXIN,Oral/Enteral,$1.00 ,$5.00 
CERTOLIZUMAB PEGOL,IV-Inj,"$8,033.00 ","$8,033.00 "
CETIRIZINE HCL,Oral/Enteral,$1.00 ,$1.00 
CETUXIMAB,IV-Inj,"$6,822.00 ","$10,083.00 "
CHERRY FLAVOR,Oral/Enteral,$1.00 ,$1.00 
CHLORAL HYDRATE,Oral/Enteral,$1.00 ,$2.00 
CHLORDIAZEPOXIDE HCL,Oral/Enteral,$1.00 ,$3.00 
CHLORDIAZEPOXIDE/CLIDINIUM BR,Oral/Enteral,$3.00 ,$3.00 
CHLORHEXIDINE GLUCONATE,Oral/Enteral,$1.00 ,$15.00 
CHLORHEXIDINE GLUCONATE,Other,$2.00 ,$4.00 
CHLOROPROCAINE HCL/PF,IV-Inj,$237.00 ,$240.00 
CHLOROTHIAZIDE,Oral/Enteral,$1.00 ,$9.00 
CHLOROTHIAZIDE SODIUM,IV-Inj,$181.00 ,$219.00 
CHLORPROMAZINE HCL,IV-Inj,$255.00 ,$255.00 
CHLORPROMAZINE HCL,Oral/Enteral,$5.00 ,$31.00 
CHLORTHALIDONE,Oral/Enteral,$3.00 ,$3.00 
CHLORZOXAZONE,Oral/Enteral,$1.00 ,$1.00 
CHOLECALCIFEROL (VITAMIN D3),Oral/Enteral,$1.00 ,$8.00 
CHOLESTYRAMINE,Other,$17.00 ,$17.00 
CHOLESTYRAMINE (WITH SUGAR),Oral/Enteral,$1.00 ,$5.00 
CHONDR SULF A SOD/HYALURONATE,Other,$158.00 ,$696.00 
CIDOFOVIR,IV-Inj,$224.00 ,$667.00 
CILOSTAZOL,Oral/Enteral,$1.00 ,$2.00 
CINACALCET HCL,Oral/Enteral,$38.00 ,$111.00 
CIPROFLOXACIN HCL,IV-Inj,$181.00 ,$200.00 
CIPROFLOXACIN HCL,Other,$6.00 ,$6.00 
CIPROFLOXACIN HCL,Oral/Enteral,$1.00 ,$2.00 
CIPROFLOXACIN HCL/DEXAMETH,Other,$287.00 ,$287.00 
CISATRACURIUM BESYLATE,IV-Inj,$181.00 ,"$1,044.00 "
CISPLATIN,IV-Inj,$306.00 ,$378.00 
CITALOPRAM HYDROBROMIDE,Oral/Enteral,$1.00 ,$1.00 
CITRIC ACID/SODIUM CITRATE,Oral/Enteral,$1.00 ,$6.00 
CITRULLINE,Other,$1.00 ,$2.00 
CITRULLINE,Oral/Enteral,$1.00 ,$2.00 
CLADRIBINE,IV-Inj,$844.00 ,"$1,388.00 "
CLARITHROMYCIN,Oral/Enteral,$3.00 ,$8.00 
CLEVIDIPINE BUTYRATE,IV-Inj,$375.00 ,$375.00 
CLINDAMYCIN HCL,Oral/Enteral,$1.00 ,$3.00 
CLINDAMYCIN PALMITATE HCL,Oral/Enteral,$2.00 ,$23.00 
CLINDAMYCIN PHOSPHATE,IV-Inj,$193.00 ,$200.00 
CLINDAMYCIN PHOSPHATE,Other,$30.00 ,$53.00 
CLOBAZAM,Oral/Enteral,$11.00 ,$127.00 
CLOBETASOL PROPIONATE,Other,$83.00 ,$86.00 
CLOBETASOL PROPIONATE/EMOLL,Other,$29.00 ,$29.00 
CLOG ZAPPER,Oral/Enteral,$243.00 ,$243.00 
CLOMIPRAMINE HCL,Oral/Enteral,$9.00 ,$52.00 
CLONAZEPAM,Oral/Enteral,$1.00 ,$1.00 
CLONIDINE HCL,IV-Inj,$184.00 ,$255.00 
CLONIDINE HCL,Other,$22.00 ,$63.00 
CLONIDINE HCL,Oral/Enteral,$1.00 ,$1.00 
CLOPIDOGREL BISULFATE,Oral/Enteral,$1.00 ,$1.00 
CLORAZEPATE DIPOTASSIUM,Oral/Enteral,$2.00 ,$4.00 
CLOTRIMAZOLE,Other,$8.00 ,$8.00 
CLOTRIMAZOLE,Oral/Enteral,$5.00 ,$5.00 
CLOTRIMAZOLE/BETAMETHASONE DIP,Other,$23.00 ,$23.00 
CLOZAPINE,Oral/Enteral,$2.00 ,$7.00 
"COAGULATION FACTOR VIIA,RECOMB",IV-Inj,"$4,258.00 ","$45,842.00 "
COCAINE HCL,Other,$390.00 ,$390.00 
COD LIVER OIL/ZINC OXIDE,Other,$1.00 ,$5.00 
CODEINE PHOSPHATE/GUAIFENESIN,Oral/Enteral,$2.00 ,$2.00 
COLCHICINE,Oral/Enteral,$7.00 ,$7.00 
COLESEVELAM HCL,Oral/Enteral,$6.00 ,$6.00 
COLESTIPOL HCL,Oral/Enteral,$2.00 ,$3.00 
COLISTIN (COLISTIMETHATE NA),IV-Inj,$222.00 ,$264.00 
COLISTIN (COLISTIMETHATE NA),Other,$222.00 ,$222.00 
COLLAGENASE CLOSTRIDIUM HIST.,IV-Inj,"$3,914.00 ","$11,224.00 "
COLLAGENASE CLOSTRIDIUM HIST.,Other,$296.00 ,$296.00 
CONIVAPTAN HCL IN 5 % DEXTROSE,IV-Inj,"$1,780.00 ","$1,780.00 "
COPPER,Other,"$1,606.00 ","$1,606.00 "
COPPER GLUCONATE,Oral/Enteral,$1.00 ,$1.00 
CORTICORELIN OVINE TRIFLUTATE,IV-Inj,"$2,400.00 ","$4,585.00 "
COSYNTROPIN,IV-Inj,$180.00 ,$499.00 
CROMOLYN SODIUM,Oral/Enteral,$6.00 ,$13.00 
CROMOLYN SODIUM,Other,$6.00 ,$6.00 
CUPRIC CHLORIDE,IV-Inj,$235.00 ,$235.00 
CYANOCOBALAMIN (VITAMIN B-12),IV-Inj,$191.00 ,$191.00 
CYANOCOBALAMIN (VITAMIN B-12),Oral/Enteral,$1.00 ,$2.00 
CYANOCOBALAMIN/FOLIC AC/VIT B6,Oral/Enteral,$2.00 ,$2.00 
CYCLOBENZAPRINE HCL,Oral/Enteral,$1.00 ,$1.00 
CYCLOPENTOLATE HCL,Other,$16.00 ,$16.00 
CYCLOPENTOLATE/PHENYLEPHRINE,Other,$37.00 ,$37.00 
CYCLOPHOSPHAMIDE,IV-Inj,$264.00 ,"$4,161.00 "
CYCLOPHOSPHAMIDE,Oral/Enteral,$19.00 ,$323.00 
CYCLOSPORINE,IV-Inj,$261.00 ,$352.00 
CYCLOSPORINE,Other,$334.00 ,$334.00 
CYCLOSPORINE,Oral/Enteral,$6.00 ,$20.00 
"CYCLOSPORINE, MODIFIED",Oral/Enteral,$2.00 ,$22.00 
CYPROHEPTADINE HCL,Oral/Enteral,$1.00 ,$3.00 
CYTARABINE/PF,IV-Inj,$301.00 ,$415.00 
DABIGATRAN ETEXILATE MESYLATE,Oral/Enteral,$9.00 ,$9.00 
DACARBAZINE,IV-Inj,$368.00 ,$454.00 
DACTINOMYCIN,IV-Inj,"$2,274.00 ","$9,272.00 "
DALFAMPRIDINE,Oral/Enteral,$31.00 ,$60.00 
DANAZOL,Oral/Enteral,$7.00 ,$7.00 
DANTROLENE SODIUM,IV-Inj,"$1,012.00 ","$2,581.00 "
DANTROLENE SODIUM,Oral/Enteral,$2.00 ,$2.00 
DAPSONE,Oral/Enteral,$4.00 ,$4.00 
DAPTOMYCIN,IV-Inj,$273.00 ,"$2,663.00 "
DARATUMUMAB,IV-Inj,"$3,990.00 ","$26,806.00 "
DARBEPOETIN ALFA IN POLYSORBAT,IV-Inj,"$1,110.00 ","$10,384.00 "
DARIFENACIN HYDROBROMIDE,Oral/Enteral,$11.00 ,$11.00 
DARUNAVIR ETHANOLATE,Oral/Enteral,$37.00 ,$73.00 
DARUNAVIR/COBICISTAT,Oral/Enteral,$83.00 ,$83.00 
DAUNORUBICIN HCL,IV-Inj,$542.00 ,"$1,269.00 "
DAUNORUBICIN/CYTARABINE LIPOS,IV-Inj,"$42,925.00 ","$64,238.00 "
DECITABINE,IV-Inj,"$4,254.00 ","$4,254.00 "
DEFERASIROX,Oral/Enteral,$439.00 ,"$1,096.00 "
DEFEROXAMINE MESYLATE,IV-Inj,$182.00 ,$522.00 
DEGARELIX ACETATE,IV-Inj,"$1,613.00 ","$4,397.00 "
DEMECLOCYCLINE HCL,Oral/Enteral,$5.00 ,$28.00 
DENOSUMAB,IV-Inj,"$3,454.00 ","$6,284.00 "
DESMOPRESSIN ACETATE,IV-Inj,$182.00 ,"$2,474.00 "
DESMOPRESSIN ACETATE,Other,$105.00 ,$230.00 
DESMOPRESSIN ACETATE,Oral/Enteral,$3.00 ,$13.00 
DESONIDE,Other,$64.00 ,$85.00 
DESOXIMETASONE,Other,$107.00 ,$374.00 
DESVENLAFAXINE SUCCINATE,Oral/Enteral,$18.00 ,$18.00 
DEXAMETHASONE,Other,"$3,947.00 ","$3,947.00 "
DEXAMETHASONE,Oral/Enteral,$1.00 ,$4.00 
DEXAMETHASONE SODIUM PHOSPHATE,Oral/Enteral,$1.00 ,$188.00 
DEXAMETHASONE SODIUM PHOSPHATE,Other,$3.00 ,$188.00 
DEXAMETHASONE SODIUM PHOSPHATE,IV-Inj,$180.00 ,$186.00 
DEXMEDETOMIDINE HCL,IV-Inj,$181.00 ,$460.00 
DEXMEDETOMIDINE HCL,Other,$194.00 ,$215.00 
DEXMETHYLPHENIDATE HCL,Oral/Enteral,$2.00 ,$22.00 
DEXRAZOXANE HCL,IV-Inj,$780.00 ,"$5,437.00 "
DEXTRAN 40 IN 0.9 % NACL,IV-Inj,$47.00 ,$47.00 
DEXTRANOMER/HYALURONATE/NACL,IV-Inj,"$6,404.00 ","$24,970.00 "
DEXTRANOMER/HYALURONATE/NACL,Other,"$12,593.00 ","$18,781.00 "
DEXTROAMPHETAMINE SULFATE,Oral/Enteral,$3.00 ,$7.00 
DEXTROAMPHETAMINE/AMPHETAMINE,Oral/Enteral,$2.00 ,$20.00 
DEXTROMETHORPHAN HBR,Oral/Enteral,$1.00 ,$2.00 
DEXTROMETHORPHAN POLISTIREX,Oral/Enteral,$1.00 ,$8.00 
DEXTROSE,Oral/Enteral,$2.00 ,$2.00 
DEXTROSE 10 % AND 0.45 % NACL,IV-Inj,$11.00 ,$16.00 
DEXTROSE 10 % IN WATER,IV-Inj,$14.00 ,$19.00 
DEXTROSE 20 % IN WATER,IV-Inj,$19.00 ,$19.00 
DEXTROSE 25 % IN WATER,IV-Inj,$203.00 ,$274.00 
DEXTROSE 30 % IN WATER,IV-Inj,$75.00 ,$75.00 
DEXTROSE 5 % AND 0.9 % NACL,IV-Inj,$16.00 ,$16.00 
DEXTROSE 5 % IN WATER,IV-Inj,$11.00 ,$21.00 
DEXTROSE 5 % IN WATER,Other,$16.00 ,$16.00 
DEXTROSE 5 %-0.2 % SOD CHLORID,IV-Inj,$16.00 ,$16.00 
DEXTROSE 5 %-0.45 % SOD CHLORD,IV-Inj,$14.00 ,$18.00 
DEXTROSE 5%-LACTATED RINGERS,IV-Inj,$16.00 ,$18.00 
DEXTROSE 50 % IN WATER,IV-Inj,$203.00 ,$203.00 
"DIATRIZOATE MEGLUMINE, SODIUM",IV-Inj,$303.00 ,$427.00 
"DIATRIZOATE MEGLUMINE, SODIUM",Oral/Enteral,$18.00 ,$104.00 
DIAZEPAM,IV-Inj,$190.00 ,$257.00 
DIAZEPAM,Oral/Enteral,$1.00 ,$1.00 
DIAZOXIDE,Oral/Enteral,$1.00 ,$40.00 
DIBUCAINE,Other,$9.00 ,$9.00 
DICLOFENAC SODIUM,Other,$28.00 ,$28.00 
DICLOXACILLIN SODIUM,Oral/Enteral,$2.00 ,$2.00 
DICYCLOMINE HCL,Oral/Enteral,$1.00 ,$3.00 
DIGOXIN,IV-Inj,$190.00 ,$190.00 
DIGOXIN,Oral/Enteral,$1.00 ,$4.00 
DIHYDROERGOTAMINE MESYLATE,IV-Inj,$501.00 ,$501.00 
DILTIAZEM HCL,IV-Inj,$181.00 ,$221.00 
DILTIAZEM HCL,Oral/Enteral,$1.00 ,$3.00 
DILUENT FOR EPOPROSTENOL(GLYC),IV-Inj,$293.00 ,$293.00 
DILUENT FOR EPOPROSTENOL(GLYC),Other,$293.00 ,$293.00 
DIMENHYDRINATE,Oral/Enteral,$1.00 ,$1.00 
DINUTUXIMAB,IV-Inj,"$27,425.00 ","$27,425.00 "
"DIPH,PERTUSS(ACELL),TET PED/PF",IV-Inj,$27.00 ,$27.00 
"DIPH,PERTUSS(ACELL),TET VAC/PF",IV-Inj,$44.00 ,$45.00 
DIPHENHYDRAMINE HCL,IV-Inj,$182.00 ,$182.00 
DIPHENHYDRAMINE HCL,Oral/Enteral,$1.00 ,$2.00 
DIPHENHYDRAMINE HCL/ZINC ACET,Other,$5.00 ,$5.00 
DIPHENOXYLATE HCL/ATROPINE,Oral/Enteral,$2.00 ,$5.00 
"DIPHT,PERT(A),TET-POLIO/HIB/PF",IV-Inj,$84.00 ,$84.00 
"DIPHTH,PERTUSS(ACELL),TET VAC",IV-Inj,$29.00 ,$49.00 
DIPYRIDAMOLE,Oral/Enteral,$2.00 ,$2.00 
DISOPYRAMIDE PHOSPHATE,Oral/Enteral,$3.00 ,$17.00 
DIVALPROEX SODIUM,Oral/Enteral,$1.00 ,$11.00 
DOBUTAMINE HCL,IV-Inj,$181.00 ,$238.00 
DOCETAXEL,IV-Inj,$370.00 ,"$2,006.00 "
DOCUSATE SODIUM,Oral/Enteral,$1.00 ,$1.00 
DOFETILIDE,Oral/Enteral,$7.00 ,$7.00 
DOLUTEGRAVIR SODIUM,Oral/Enteral,$77.00 ,$77.00 
DONEPEZIL HCL,Oral/Enteral,$1.00 ,$2.00 
DOPAMINE HCL,IV-Inj,$185.00 ,$213.00 
DORNASE ALFA,Other,$158.00 ,$158.00 
DORZOLAMIDE HCL,Other,$1.00 ,$12.00 
DORZOLAMIDE HCL/TIMOLOL MALEAT,Other,$66.00 ,$66.00 
DOXAZOSIN MESYLATE,Oral/Enteral,$2.00 ,$14.00 
DOXEPIN HCL,Oral/Enteral,$1.00 ,$3.00 
DOXERCALCIFEROL,Oral/Enteral,$19.00 ,$19.00 
DOXORUBICIN HCL,IV-Inj,$339.00 ,$494.00 
DOXORUBICIN HCL PEG-LIPOSOMAL,IV-Inj,"$1,578.00 ","$10,082.00 "
DOXYCYCLINE CALCIUM,Oral/Enteral,$4.00 ,$23.00 
DOXYCYCLINE HYCLATE,Other,$235.00 ,$462.00 
DOXYCYCLINE HYCLATE,IV-Inj,$235.00 ,$235.00 
DOXYCYCLINE HYCLATE,Oral/Enteral,$3.00 ,$3.00 
DOXYCYCLINE MONOHYDRATE,Oral/Enteral,$1.00 ,$2.00 
DOXYLAMINE SUCCINATE,Oral/Enteral,$1.00 ,$1.00 
DRONABINOL,Oral/Enteral,$6.00 ,$24.00 
DRONEDARONE HCL,Oral/Enteral,$14.00 ,$14.00 
DROXIDOPA,Oral/Enteral,$38.00 ,$221.00 
DULOXETINE HCL,Oral/Enteral,$1.00 ,$8.00 
DURVALUMAB,IV-Inj,"$9,312.00 ","$21,890.00 "
DUTASTERIDE,Oral/Enteral,$2.00 ,$2.00 
ECULIZUMAB,IV-Inj,"$36,744.00 ","$73,272.00 "
EDETATE DISODIUM,Other,$185.00 ,$185.00 
EDOXABAN TOSYLATE,Oral/Enteral,$12.00 ,$12.00 
EFAVIRENZ,Oral/Enteral,$46.00 ,$46.00 
EFAVIRENZ/EMTRICIT/TENOFOVR DF,Oral/Enteral,$125.00 ,$125.00 
ELECTROLYTE-A SOLUTION,IV-Inj,$16.00 ,$46.00 
ELECTROLYTE-A SOLUTION,Other,$46.00 ,$46.00 
ELECTROLYTE-R (PH 7.4),Other,$21.00 ,$21.00 
ELECTROLYTE-R (PH 7.4),IV-Inj,$16.00 ,$16.00 
ELECTROLYTE-R SOLUTION/D5W,IV-Inj,$19.00 ,$19.00 
ELECTROLYTES/DEXTROSE,Oral/Enteral,$6.00 ,$6.00 
ELETRIPTAN HYDROBROMIDE,Oral/Enteral,$83.00 ,$83.00 
ELOTUZUMAB,IV-Inj,"$13,068.00 ","$13,068.00 "
ELVITEG/COB/EMTRI/TENOFO DISOP,Oral/Enteral,$142.00 ,$142.00 
EMOLLIENT BASE,Other,$11.00 ,$11.00 
EMTRICITABINE,Oral/Enteral,$25.00 ,$25.00 
EMTRICITABINE/TENOFOV ALAFENAM,Oral/Enteral,$77.00 ,$77.00 
EMTRICITABINE/TENOFOVIR (TDF),Oral/Enteral,$77.00 ,$77.00 
ENALAPRIL MALEATE,Oral/Enteral,$1.00 ,$4.00 
ENALAPRILAT DIHYDRATE,IV-Inj,$180.00 ,$186.00 
ENOXAPARIN SODIUM,IV-Inj,$190.00 ,$196.00 
ENTACAPONE,Oral/Enteral,$8.00 ,$8.00 
ENTECAVIR,Oral/Enteral,$15.00 ,$15.00 
EPHEDRINE SULFATE,IV-Inj,$180.00 ,$364.00 
EPHEDRINE SULFATE,Other,$272.00 ,$272.00 
EPINEPHRINE BITARTRATE,Other,$4.00 ,$4.00 
EPINEPHRINE HCL,IV-Inj,$180.00 ,$359.00 
EPINEPHRINE HCL,Other,$193.00 ,$289.00 
EPLERENONE,Oral/Enteral,$3.00 ,$9.00 
EPOETIN ALFA,IV-Inj,$284.00 ,"$2,030.00 "
EPOPROSTENOL SODIUM (ARGININE),IV-Inj,$274.00 ,$367.00 
EPOPROSTENOL SODIUM (ARGININE),Other,$367.00 ,$367.00 
EPOPROSTENOL SODIUM (GLYCINE),IV-Inj,$198.00 ,$198.00 
EPOPROSTENOL SODIUM (GLYCINE),Other,$181.00 ,$196.00 
EPTIFIBATIDE,IV-Inj,$831.00 ,$831.00 
ERGOCALCIFEROL (VITAMIN D2),Oral/Enteral,$2.00 ,$2.00 
ERIBULIN MESYLATE,IV-Inj,"$3,890.00 ","$9,276.00 "
ERTAPENEM SODIUM,IV-Inj,$449.00 ,$565.00 
ERYTHROMYCIN BASE,Other,$4.00 ,$15.00 
ERYTHROMYCIN BASE,Oral/Enteral,$15.00 ,$15.00 
ERYTHROMYCIN ETHYLSUCCINATE,Oral/Enteral,$1.00 ,$9.00 
ERYTHROMYCIN LACTOBIONATE,IV-Inj,$389.00 ,$389.00 
ERYTHROMYCIN STEARATE,Oral/Enteral,$15.00 ,$58.00 
ESCITALOPRAM OXALATE,Oral/Enteral,$1.00 ,$2.00 
ESLICARBAZEPINE ACETATE,Oral/Enteral,$41.00 ,$161.00 
ESMOLOL HCL,IV-Inj,$188.00 ,$188.00 
"ESMOLOL IN SODIUM CHLORIDE,ISO",IV-Inj,"$1,339.00 ","$1,431.00 "
ESOMEPRAZOLE MAGNESIUM,Oral/Enteral,$2.00 ,$18.00 
ESTRADIOL,Other,$413.00 ,$413.00 
ESTRADIOL,Oral/Enteral,$1.00 ,$1.00 
ESTRADIOL CYPIONATE,IV-Inj,$243.00 ,$243.00 
ESTRADIOL VALERATE,IV-Inj,$198.00 ,$325.00 
ESTRADIOL/NORETHINDRONE ACET,Other,$30.00 ,$30.00 
"ESTROGENS, CONJUGATED",IV-Inj,"$1,068.00 ","$1,068.00 "
"ESTROGENS, CONJUGATED",Oral/Enteral,$8.00 ,$22.00 
ETANERCEPT,IV-Inj,$834.00 ,$834.00 
ETHACRYNIC ACID,Oral/Enteral,$60.00 ,$118.00 
ETHAMBUTOL HCL,Oral/Enteral,$2.00 ,$12.00 
ETHIODIZED OIL,IV-Inj,"$2,433.00 ","$2,433.00 "
ETHOSUXIMIDE,Oral/Enteral,$4.00 ,$6.00 
ETHYL ALCOHOL,IV-Inj,$461.00 ,"$1,305.00 "
ETHYL ALCOHOL,Other,$461.00 ,$461.00 
ETOMIDATE,IV-Inj,$180.00 ,$199.00 
ETONOGESTREL,IV-Inj,"$1,188.00 ","$1,188.00 "
ETOPOSIDE,IV-Inj,$304.00 ,$352.00 
ETRAVIRINE,Oral/Enteral,$30.00 ,$30.00 
EVEROLIMUS,Oral/Enteral,$24.00 ,$140.00 
EXEMESTANE,Oral/Enteral,$15.00 ,$15.00 
EZETIMIBE,Oral/Enteral,$2.00 ,$2.00 
"FACTOR IX CPLX(PCC)NO4,3FACTOR",IV-Inj,"$1,400.00 ","$1,400.00 "
"FACTOR IX CPLX(PCC)NO6,3FACTOR",IV-Inj,"$1,456.00 ","$3,137.00 "
FACTOR IX HUMAN RECOMBINANT,IV-Inj,"$1,210.00 ","$32,219.00 "
FACTOR XIII,IV-Inj,"$46,469.00 ","$46,469.00 "
FAMCICLOVIR,Oral/Enteral,$2.00 ,$5.00 
FAMOTIDINE,IV-Inj,$182.00 ,$182.00 
FAMOTIDINE,Oral/Enteral,$1.00 ,$4.00 
FELBAMATE,Oral/Enteral,$6.00 ,$22.00 
FELODIPINE,Oral/Enteral,$2.00 ,$4.00 
FENOFIBRATE NANOCRYSTALLIZED,Oral/Enteral,$2.00 ,$8.00 
FENOLDOPAM MESYLATE,IV-Inj,"$1,046.00 ","$1,046.00 "
FENTANYL,Other,$3.00 ,$40.00 
FENTANYL CITRATE/PF,IV-Inj,$180.00 ,$204.00 
FENTANYL CITRATE/PF,Other,$185.00 ,$185.00 
FERRIC CARBOXYMALTOSE,IV-Inj,"$2,367.00 ","$2,367.00 "
FERRIC SUBSULFATE,Other,$18.00 ,$18.00 
FERROUS GLUCONATE,Oral/Enteral,$1.00 ,$1.00 
FERROUS SULFATE,Oral/Enteral,$1.00 ,$2.00 
FERUMOXYTOL,IV-Inj,"$2,200.00 ","$2,200.00 "
FEXOFENADINE HCL,Oral/Enteral,$1.00 ,$4.00 
FIBRINOGEN,IV-Inj,"$4,123.00 ","$4,477.00 "
FILGRASTIM,IV-Inj,"$1,164.00 ","$1,937.00 "
FILGRASTIM-SNDZ,IV-Inj,$590.00 ,"$1,005.00 "
FINASTERIDE,Oral/Enteral,$1.00 ,$3.00 
FLAVOXATE HCL,Oral/Enteral,$2.00 ,$2.00 
FLECAINIDE ACETATE,Oral/Enteral,$1.00 ,$3.00 
FLU VACC QS 2018 (6-35MOS)/PF,IV-Inj,$25.00 ,$25.00 
FLU VACC QS2018-19 36MOS UP/PF,IV-Inj,$25.00 ,$25.00 
FLU VACC TS2018-19(65YR UP)/PF,IV-Inj,$55.00 ,$55.00 
FLUCONAZOLE,Oral/Enteral,$1.00 ,$10.00 
"FLUCONAZOLE IN NACL,ISO-OSM",IV-Inj,$180.00 ,$263.00 
FLUCYTOSINE,Oral/Enteral,$95.00 ,$152.00 
FLUDARABINE PHOSPHATE,IV-Inj,$354.00 ,"$1,128.00 "
FLUDROCORTISONE ACETATE,Oral/Enteral,$2.00 ,$4.00 
FLUMAZENIL,IV-Inj,$186.00 ,$192.00 
FLUOCINOLONE ACETONIDE,Other,"$19,383.00 ","$19,383.00 "
FLUOCINONIDE,Other,$18.00 ,$75.00 
FLUORESCEIN SODIUM,IV-Inj,$60.00 ,$60.00 
FLUORESCEIN SODIUM,Other,$1.00 ,$1.00 
FLUORIDE (SODIUM),Oral/Enteral,$1.00 ,$1.00 
FLUOROMETHOLONE,Other,$94.00 ,$94.00 
FLUOROURACIL,IV-Inj,$305.00 ,$583.00 
FLUOROURACIL,Other,$176.00 ,$305.00 
FLUOXETINE HCL,Oral/Enteral,$1.00 ,$1.00 
FLUPHENAZINE DECANOATE,IV-Inj,$198.00 ,$268.00 
FLUPHENAZINE HCL,Oral/Enteral,$2.00 ,$13.00 
FLUTICASONE FUROATE,Other,$7.00 ,$9.00 
FLUTICASONE PROPIONATE,Other,$5.00 ,$36.00 
FLUTICASONE/SALMETEROL,Other,$14.00 ,$435.00 
FLUTICASONE/VILANTEROL,Other,$97.00 ,$97.00 
FLUVOXAMINE MALEATE,Oral/Enteral,$2.00 ,$4.00 
FOLIC ACID,IV-Inj,$248.00 ,$248.00 
FOLIC ACID,Oral/Enteral,$1.00 ,$1.00 
"FOLIC ACID/MULTIVIT,IRON,MINER",Oral/Enteral,$1.00 ,$1.00 
FONDAPARINUX SODIUM,IV-Inj,$211.00 ,$276.00 
FOSAPREPITANT DIMEGLUMINE,IV-Inj,"$1,138.00 ","$1,138.00 "
FOSCARNET SODIUM,IV-Inj,$181.00 ,"$1,727.00 "
FOSCARNET SODIUM,Other,$181.00 ,$181.00 
FOSFOMYCIN TROMETHAMINE,Oral/Enteral,$96.00 ,$96.00 
FOSPHENYTOIN SODIUM,IV-Inj,$180.00 ,$207.00 
FULVESTRANT,IV-Inj,"$5,384.00 ","$5,384.00 "
FUROSEMIDE,IV-Inj,$182.00 ,$197.00 
FUROSEMIDE,Other,$186.00 ,$186.00 
FUROSEMIDE,Oral/Enteral,$1.00 ,$1.00 
GABAPENTIN,Oral/Enteral,$1.00 ,$2.00 
GADOBUTROL,IV-Inj,$230.00 ,$282.00 
GADODIAMIDE,IV-Inj,$285.00 ,$389.00 
GADODIAMIDE,Other,$285.00 ,$285.00 
GADOPENTETATE DIMEGLUMINE,IV-Inj,$282.00 ,$282.00 
GADOTERATE MEGLUMINE,IV-Inj,$182.00 ,$336.00 
GADOXETATE DISODIUM,IV-Inj,$224.00 ,$529.00 
GALANTAMINE HBR,Oral/Enteral,$3.00 ,$9.00 
GANCICLOVIR SODIUM,Other,$339.00 ,$435.00 
GANCICLOVIR SODIUM,IV-Inj,$339.00 ,$339.00 
GELATIN,Other,"$2,651.00 ","$2,651.00 "
"GELATIN SPONGE,ABSORB/PORCINE",Other,$69.00 ,$69.00 
GEMCITABINE HCL,IV-Inj,$515.00 ,$515.00 
GEMFIBROZIL,Oral/Enteral,$1.00 ,$1.00 
GEMTUZUMAB OZOGAMICIN,IV-Inj,"$5,311.00 ","$5,311.00 "
GENTAMICIN SULFATE,IV-Inj,$180.00 ,$220.00 
GENTAMICIN SULFATE,Other,$209.00 ,$209.00 
GENTIAN VIOLET,Other,$17.00 ,$17.00 
GENTIAN VIOLET,Oral/Enteral,$1.00 ,$9.00 
GLIMEPIRIDE,Oral/Enteral,$1.00 ,$3.00 
GLIPIZIDE,Oral/Enteral,$1.00 ,$2.00 
"GLUCAGON,HUMAN RECOMBINANT",IV-Inj,$224.00 ,"$1,533.00 "
GLUTAMINE,Oral/Enteral,$1.00 ,$3.00 
GLYBURIDE,Oral/Enteral,$1.00 ,$1.00 
GLYCERIN,Oral/Enteral,$1.00 ,$46.00 
GLYCERIN,Other,$1.00 ,$8.00 
GLYCOPYRROLATE,IV-Inj,$197.00 ,$197.00 
GLYCOPYRROLATE,Oral/Enteral,$1.00 ,$6.00 
GOLIMUMAB,IV-Inj,"$9,257.00 ","$22,819.00 "
GOSERELIN ACETATE,IV-Inj,"$1,747.00 ","$5,291.00 "
GRANISETRON HCL,IV-Inj,$181.00 ,$237.00 
GRANISETRON HCL,Oral/Enteral,$2.00 ,$9.00 
GRISEOFULVIN ULTRAMICROSIZE,Oral/Enteral,$16.00 ,$17.00 
GUAIFENESIN,Oral/Enteral,$1.00 ,$3.00 
GUAIFENESIN/DEXTROMETHORPHAN,Oral/Enteral,$1.00 ,$3.00 
GUANFACINE HCL,Oral/Enteral,$1.00 ,$5.00 
HAEMOPH B POLY CONJ-TET TOX/PF,IV-Inj,$14.00 ,$14.00 
HALOPERIDOL,Oral/Enteral,$1.00 ,$5.00 
HALOPERIDOL DECANOATE,IV-Inj,$294.00 ,$297.00 
HALOPERIDOL LACTATE,IV-Inj,$182.00 ,$182.00 
HALOPERIDOL LACTATE,Oral/Enteral,$1.00 ,$3.00 
HEMIN,IV-Inj,"$14,615.00 ","$19,805.00 "
HEPARIN SODIUM,IV-Inj,$16.00 ,$382.00 
HEPARIN SODIUM,Other,$180.00 ,$212.00 
HEPATITIS A AND B VACCINE/PF,IV-Inj,$127.00 ,$127.00 
HEPATITIS A VIRUS VACCINE/PF,IV-Inj,$354.00 ,$354.00 
HEPATITIS B IMMUN GLOB/MALTOSE,IV-Inj,$559.00 ,"$3,121.00 "
HEPATITIS B VIRUS VACCINE/PF,IV-Inj,$23.00 ,$23.00 
HEXAMINOLEVULINATE HCL,Other,"$3,085.00 ","$3,085.00 "
HISTRELIN ACETATE,IV-Inj,"$82,763.00 ","$82,763.00 "
HISTRELIN ACETATE,Other,"$82,763.00 ","$82,763.00 "
HPV VACCINE 9-VALENT/PF,IV-Inj,$258.00 ,$258.00 
HUM PROTHROMBIN CPLX(PCC)4FACT,IV-Inj,"$1,818.00 ","$18,929.00 "
"HUMAN PAPILOMVIRUS VAC,QVAL/PF",IV-Inj,$96.00 ,$96.00 
HYALURONATE SODIUM,Other,$712.00 ,$712.00 
"HYALURONATE SODIUM, STABILIZED",Other,"$3,759.00 ","$3,759.00 "
HYALURONIDASE,Other,$299.00 ,$828.00 
HYALURONIDASE,IV-Inj,$299.00 ,$299.00 
HYDRALAZINE HCL,IV-Inj,$180.00 ,$185.00 
HYDRALAZINE HCL,Oral/Enteral,$1.00 ,$1.00 
HYDROCHLORIC ACID,IV-Inj,$91.00 ,$171.00 
HYDROCHLORIC ACID,Oral/Enteral,$13.00 ,$13.00 
HYDROCHLOROTHIAZIDE,Oral/Enteral,$1.00 ,$1.00 
HYDROCODONE/ACETAMINOPHEN,Oral/Enteral,$1.00 ,$2.00 
HYDROCODONE/CHLORPHEN P-STIREX,Oral/Enteral,$17.00 ,$17.00 
HYDROCORTISONE,Other,$3.00 ,$6.00 
HYDROCORTISONE,Oral/Enteral,$1.00 ,$3.00 
HYDROCORTISONE ACETATE,Oral/Enteral,$16.00 ,$16.00 
HYDROCORTISONE SOD SUCCINATE,Other,$220.00 ,$220.00 
HYDROCORTISONE SOD SUCCINATE,IV-Inj,$196.00 ,$220.00 
HYDROCORTISONE VALERATE,Other,$80.00 ,$80.00 
HYDROCORTISONE/PRAMOXINE,Oral/Enteral,$176.00 ,$176.00 
HYDROCORTISONE/PRAMOXINE,Other,$101.00 ,$101.00 
HYDROGEN PEROXIDE,Other,$2.00 ,$12.00 
HYDROMORPHONE HCL,IV-Inj,$181.00 ,$192.00 
HYDROMORPHONE HCL,Oral/Enteral,$1.00 ,$2.00 
HYDROXOCOBALAMIN,IV-Inj,$182.00 ,"$2,400.00 "
HYDROXYCHLOROQUINE SULFATE,Oral/Enteral,$5.00 ,$5.00 
HYDROXYPROGESTERONE CAPROAT/PF,IV-Inj,"$2,001.00 ","$2,104.00 "
HYDROXYPROGESTERONE CAPROATE,IV-Inj,"$1,200.00 ","$2,104.00 "
HYDROXYUREA,Oral/Enteral,$1.00 ,$6.00 
HYDROXYZINE HCL,Oral/Enteral,$1.00 ,$1.00 
HYDROXYZINE PAMOATE,Oral/Enteral,$1.00 ,$1.00 
HYLAN G-F 20,Other,"$1,764.00 ","$1,764.00 "
HYOSCYAMINE SULFATE,Oral/Enteral,$1.00 ,$2.00 
HYPOCHLOROUS ACID/SODIUM CHLOR,Other,$34.00 ,$34.00 
HYPROMELLOSE,Other,$4.00 ,$68.00 
IBUPROFEN,Oral/Enteral,$1.00 ,$4.00 
IBUTILIDE FUMARATE,IV-Inj,$385.00 ,"$1,532.00 "
IDARUBICIN HCL,IV-Inj,$699.00 ,$926.00 
IDARUCIZUMAB,IV-Inj,"$9,966.00 ","$9,966.00 "
IFOSFAMIDE,IV-Inj,$371.00 ,"$1,235.00 "
IMATINIB MESYLATE,Oral/Enteral,$19.00 ,"$1,026.00 "
IMIPENEM/CILASTATIN SODIUM,IV-Inj,$196.00 ,$244.00 
IMIPRAMINE HCL,Oral/Enteral,$1.00 ,$2.00 
IMIPRAMINE PAMOATE,Oral/Enteral,$10.00 ,$10.00 
IMMUN GLOB G(IGG)/GLY/IGA OV50,IV-Inj,"$2,564.00 ","$19,004.00 "
IMMUN GLOB G/GLY/GLUC/IGA 0-50,IV-Inj,"$3,347.00 ","$19,004.00 "
IMMUN GLOBG(IGG)/SUCR/IGA OV50,IV-Inj,"$2,123.00 ","$13,570.00 "
IMMUNE GLOBUL G (IGG)/GLYCINE,IV-Inj,$200.00 ,$200.00 
IMMUNE GLOBUL G/GLY/IGA AVG 46,IV-Inj,"$1,308.00 ","$22,353.00 "
INCOBOTULINUMTOXINA,IV-Inj,$386.00 ,"$8,313.00 "
INDAPAMIDE,Oral/Enteral,$1.00 ,$3.00 
INDOCYANINE GREEN,IV-Inj,$384.00 ,$384.00 
INDOMETHACIN,Oral/Enteral,$1.00 ,$2.00 
INDOMETHACIN SODIUM,IV-Inj,"$1,293.00 ","$1,293.00 "
"INFANT FORM.SOY-IRON,LACT-FREE",Oral/Enteral,$7.00 ,$7.00 
INFLIXIMAB,IV-Inj,"$3,410.00 ","$35,357.00 "
INFLIXIMAB-DYYB,IV-Inj,"$1,916.00 ","$18,930.00 "
INOTUZUMAB OZOGAMICIN,IV-Inj,"$34,283.00 ","$91,722.00 "
INSULIN ASPART,IV-Inj,$1.00 ,$115.00 
INSULIN ASPART PROT/INSULN ASP,IV-Inj,$6.00 ,$6.00 
"INSULIN GLARGINE,HUM.REC.ANLOG",IV-Inj,$1.00 ,$165.00 
INSULIN LISPRO,IV-Inj,$22.00 ,$22.00 
INSULIN LISPRO PROTAMIN/LISPRO,IV-Inj,$71.00 ,$71.00 
INSULIN NPH HUM/REG INSULIN HM,IV-Inj,$7.00 ,$7.00 
INSULIN NPH HUMAN ISOPHANE,IV-Inj,$7.00 ,$7.00 
"INSULIN REGULAR, HUMAN",IV-Inj,$1.00 ,$13.00 
IODIXANOL,Other,$297.00 ,$297.00 
IODIXANOL,IV-Inj,$297.00 ,$297.00 
IOHEXOL,Oral/Enteral,$193.00 ,$211.00 
IOHEXOL,IV-Inj,$210.00 ,$210.00 
IOHEXOL,Other,$194.00 ,$194.00 
IOTHALAMATE MEGLUMINE,Oral/Enteral,$270.00 ,$628.00 
IOTHALAMATE MEGLUMINE,Other,$270.00 ,$270.00 
IOTHALAMATE MEGLUMINE,IV-Inj,$226.00 ,$232.00 
IPILIMUMAB,IV-Inj,"$19,736.00 ","$116,917.00 "
IPRATROPIUM BROMIDE,Other,$1.00 ,$2.00 
IPRATROPIUM/ALBUTEROL SULFATE,Other,$1.00 ,$1.00 
IRBESARTAN,Oral/Enteral,$1.00 ,$3.00 
IRINOTECAN HCL,IV-Inj,$331.00 ,$504.00 
"IRON ASPGLY,PS/C/B12/FA/CA/SUC",Oral/Enteral,$2.00 ,$2.00 
"IRON ASPGLY,PS/C/SUCCINIC ACID",Oral/Enteral,$2.00 ,$2.00 
IRON DEXTRAN COMPLEX,IV-Inj,$259.00 ,"$1,766.00 "
IRON SUCROSE COMPLEX,IV-Inj,$279.00 ,$575.00 
ISAVUCONAZONIUM SULFATE,IV-Inj,"$1,069.00 ","$1,069.00 "
ISAVUCONAZONIUM SULFATE,Oral/Enteral,$229.00 ,$229.00 
ISONIAZID,Oral/Enteral,$2.00 ,$2.00 
ISOPROTERENOL HCL,IV-Inj,$445.00 ,"$1,506.00 "
ISOSORBIDE DINITRATE,Oral/Enteral,$2.00 ,$6.00 
ISOSORBIDE MONONITRATE,Oral/Enteral,$1.00 ,$3.00 
ISOSULFAN BLUE,IV-Inj,"$2,321.00 ","$2,321.00 "
ITRACONAZOLE,Oral/Enteral,$20.00 ,$67.00 
IVABRADINE HCL,Oral/Enteral,$10.00 ,$10.00 
IVERMECTIN,Oral/Enteral,$7.00 ,$44.00 
KETAMINE HCL,IV-Inj,$180.00 ,$526.00 
KETOCONAZOLE,Other,$31.00 ,$31.00 
KETOCONAZOLE,Oral/Enteral,$2.00 ,$4.00 
KETOROLAC TROMETHAMINE,Other,$10.00 ,$260.00 
KETOROLAC TROMETHAMINE,IV-Inj,$2.42 ,$221.00 
KETOROLAC TROMETHAMINE,Oral/Enteral,$2.00 ,$3.00 
L. ACIDOPHILUS/L.BULGARICUS,Oral/Enteral,$1.00 ,$2.00 
LABETALOL HCL,IV-Inj,$180.00 ,$183.00 
LABETALOL HCL,Oral/Enteral,$1.00 ,$3.00 
LACOSAMIDE,IV-Inj,$328.00 ,$328.00 
LACOSAMIDE,Oral/Enteral,$5.00 ,$63.00 
LACTASE,Oral/Enteral,$1.00 ,$2.00 
LACTOBACILLUS RHAMNOSUS GG,Oral/Enteral,$2.00 ,$2.00 
LACTULOSE,Oral/Enteral,$1.00 ,$6.00 
LAMIVUDINE,Oral/Enteral,$1.00 ,$14.00 
LAMOTRIGINE,Oral/Enteral,$1.00 ,$2.00 
"LANOLIN,ANHYDROUS",Other,$3.00 ,$3.00 
LANREOTIDE ACETATE,IV-Inj,"$20,512.00 ","$20,512.00 "
LANSOPRAZOLE,Oral/Enteral,$1.00 ,$37.00 
LARONIDASE,IV-Inj,"$2,561.00 ","$2,561.00 "
LATANOPROST,Other,$9.00 ,$9.00 
LEFLUNOMIDE,Oral/Enteral,$14.00 ,$14.00 
LETERMOVIR,IV-Inj,"$1,044.00 ","$1,044.00 "
LETERMOVIR,Oral/Enteral,$274.00 ,$274.00 
LETROZOLE,Oral/Enteral,$1.00 ,$2.00 
LEUCOVORIN CALCIUM,IV-Inj,$180.00 ,$395.00 
LEUCOVORIN CALCIUM,Oral/Enteral,$2.00 ,$4.00 
LEUPROLIDE ACETATE,IV-Inj,$234.00 ,"$4,033.00 "
LEVALBUTEROL HCL,Other,$2.00 ,$26.00 
LEVALBUTEROL TARTRATE,Other,$75.00 ,$90.00 
LEVETIRACETAM,IV-Inj,$189.00 ,$215.00 
LEVETIRACETAM,Oral/Enteral,$1.00 ,$4.00 
LEVOBUNOLOL HCL,Other,$5.00 ,$5.00 
LEVOCARNITINE,IV-Inj,$225.00 ,$225.00 
LEVOCARNITINE,Oral/Enteral,$1.00 ,$4.00 
LEVOFLOXACIN,Other,$38.00 ,$38.00 
LEVOFLOXACIN,Oral/Enteral,$1.00 ,$2.00 
LEVOFLOXACIN IN DEXTROSE 5 %,IV-Inj,$186.00 ,$188.00 
LEVONORGESTREL,Other,"$1,638.00 ","$1,638.00 "
LEVONORGESTREL,Oral/Enteral,$21.00 ,$35.00 
LEVOTHYROXINE SODIUM,IV-Inj,$490.00 ,$490.00 
LEVOTHYROXINE SODIUM,Oral/Enteral,$1.00 ,$2.00 
LIDOCAINE,Other,$1.00 ,$10.00 
LIDOCAINE HCL,Other,$1.00 ,$306.00 
LIDOCAINE HCL,IV-Inj,$180.00 ,$197.00 
LIDOCAINE HCL,Oral/Enteral,$1.00 ,$2.00 
LIDOCAINE HCL/EPINEPHRINE,IV-Inj,$180.00 ,$187.00 
LIDOCAINE HCL/EPINEPHRINE,Other,$180.00 ,$186.00 
LIDOCAINE/PRILOCAINE,Other,$11.00 ,$11.00 
LINEZOLID,IV-Inj,$266.00 ,$442.00 
LINEZOLID,Oral/Enteral,$6.00 ,$164.00 
LIOTHYRONINE SODIUM,Oral/Enteral,$2.00 ,$6.00 
LIPASE/PROTEASE/AMYLASE,Oral/Enteral,$1.00 ,$89.00 
LIPOSOMAL UBIQUINOL,Oral/Enteral,$2.00 ,$3.00 
LISDEXAMFETAMINE DIMESYLATE,Oral/Enteral,$14.00 ,$41.00 
LISINOPRIL,Oral/Enteral,$1.00 ,$1.00 
LITHIUM CARBONATE,Oral/Enteral,$1.00 ,$2.00 
LITHIUM CITRATE,Oral/Enteral,$2.00 ,$4.00 
LOMUSTINE,Oral/Enteral,$476.00 ,$543.00 
LOPERAMIDE HCL,Oral/Enteral,$1.00 ,$4.00 
LORATADINE,Oral/Enteral,$1.00 ,$1.00 
LORAZEPAM,IV-Inj,$180.00 ,$185.00 
LORAZEPAM,Oral/Enteral,$1.00 ,$2.00 
LOSARTAN POTASSIUM,Oral/Enteral,$1.00 ,$4.00 
LOVASTATIN,Oral/Enteral,$1.00 ,$1.00 
LOXAPINE SUCCINATE,Oral/Enteral,$2.00 ,$2.00 
LURASIDONE HCL,Oral/Enteral,$53.00 ,$156.00 
LUTETIUM LU 177 DOTATATE,IV-Inj,"$133,215.00 ","$133,215.00 "
"LYMPHOCYTE IG,ANTITHYMOCYT,EQU",IV-Inj,"$5,672.00 ","$120,272.00 "
LYSINE,Oral/Enteral,$1.00 ,$1.00 
MAFENIDE ACETATE,Other,$52.00 ,$196.00 
MAG HYDROX/ALUMINUM HYD/SIMETH,Oral/Enteral,$1.00 ,$4.00 
MAGNESIUM CARBONATE (BULK CHEMICALS),Oral/Enteral,$1.00 ,$2.00 
MAGNESIUM CHLORIDE,Oral/Enteral,$1.00 ,$1.00 
MAGNESIUM CITRATE (LAXATIVE - SALINE AND OSMOTIC),Oral/Enteral,$1.00 ,$4.00 
MAGNESIUM GLUCONATE,Oral/Enteral,$1.00 ,$1.00 
MAGNESIUM HYDROXIDE (LAXATIVE - SALINE AND OSMOTIC),Oral/Enteral,$1.00 ,$4.00 
MAGNESIUM OXIDE,Oral/Enteral,$1.00 ,$1.00 
MAGNESIUM SULFATE,IV-Inj,$180.00 ,$208.00 
MAGNESIUM SULFATE,Other,$185.00 ,$196.00 
MANNITOL,IV-Inj,$182.00 ,$298.00 
"MEASLES,MUMPS,RUBELLA VACC/PF",IV-Inj,$89.00 ,$89.00 
MECLIZINE HCL,Oral/Enteral,$2.00 ,$2.00 
MEDIUM CHAIN TRIGLYCERIDES,Oral/Enteral,$3.00 ,$3.00 
MEDROXYPROGESTERONE ACETATE,IV-Inj,$308.00 ,$308.00 
MEDROXYPROGESTERONE ACETATE,Oral/Enteral,$1.00 ,$2.00 
MEGESTROL ACETATE,Oral/Enteral,$1.00 ,$10.00 
MELATONIN,Oral/Enteral,$1.00 ,$2.00 
MELOXICAM,Oral/Enteral,$1.00 ,$1.00 
MELPHALAN HCL,IV-Inj,"$1,837.00 ","$8,254.00 "
MEMANTINE HCL,Oral/Enteral,$1.00 ,$3.00 
"MENING VAC A,C,Y,W-135 DIP/PF",IV-Inj,$136.00 ,$136.00 
"MENINGOCOCCAL B VACCINE,4-COMP",IV-Inj,$193.00 ,$193.00 
MENTHOL/CAMPHOR,Other,$5.00 ,$5.00 
MENTHOL/CAMPHOR/DIMETH/PHENOL,Other,$3.00 ,$3.00 
MENTHOL/ZINC OXIDE,Other,$317.00 ,$317.00 
MEPERIDINE HCL,Oral/Enteral,$2.00 ,$2.00 
MEPERIDINE HCL/PF,IV-Inj,$187.00 ,$187.00 
MEPIVACAINE HCL,IV-Inj,$191.00 ,$206.00 
MEPIVACAINE HCL,Other,$200.00 ,$200.00 
MEPOLIZUMAB,IV-Inj,"$8,006.00 ","$8,006.00 "
MERCAPTOPURINE,Oral/Enteral,$3.00 ,$39.00 
MEROPENEM,IV-Inj,$181.00 ,$232.00 
MEROPENEM-0.9% SODIUM CHLORIDE,IV-Inj,$245.00 ,$245.00 
MESALAMINE,Oral/Enteral,$4.00 ,$38.00 
MESNA,IV-Inj,$301.00 ,$336.00 
METAXALONE,Oral/Enteral,$5.00 ,$5.00 
METFORMIN HCL,Oral/Enteral,$1.00 ,$1.00 
METHACHOLINE CHLORIDE,Other,$25.00 ,$41.00 
METHACHOLINE CHLORIDE,IV-Inj,$25.00 ,$39.00 
METHADONE HCL,IV-Inj,$181.00 ,$296.00 
METHADONE HCL,Oral/Enteral,$1.00 ,$2.00 
METHAZOLAMIDE,Oral/Enteral,$9.00 ,$9.00 
METHIMAZOLE,Oral/Enteral,$1.00 ,$3.00 
METHOCARBAMOL,IV-Inj,$190.00 ,$354.00 
METHOCARBAMOL,Oral/Enteral,$1.00 ,$1.00 
METHOHEXITAL SODIUM,IV-Inj,$531.00 ,$531.00 
METHOHEXITAL SODIUM,Other,$531.00 ,$531.00 
METHOTREXATE SODIUM,IV-Inj,$306.00 ,$466.00 
METHOTREXATE SODIUM,Oral/Enteral,$4.00 ,$34.00 
METHYL SALICYLATE/MENTHOL,Other,$3.00 ,$6.00 
METHYLDOPA,Oral/Enteral,$1.00 ,$2.00 
METHYLENE BLUE (ANTIDOTE - METHEMOGLOBINEMIA),IV-Inj,$22.00 ,"$5,277.00 "
METHYLENE BLUE (ANTIDOTE - METHEMOGLOBINEMIA),Other,$22.00 ,$715.00 
METHYLERGONOVINE MALEATE,IV-Inj,$213.00 ,$239.00 
METHYLERGONOVINE MALEATE,Oral/Enteral,$82.00 ,$82.00 
METHYLNALTREXONE BROMIDE,IV-Inj,$132.00 ,$132.00 
METHYLPHENIDATE,Oral/Enteral,$1.00 ,$22.00 
METHYLPHENIDATE,Other,$16.00 ,$16.00 
METHYLPREDNISOLONE,Oral/Enteral,$1.00 ,$3.00 
METHYLPREDNISOLONE ACETATE,IV-Inj,$183.00 ,$243.00 
METHYLPREDNISOLONE ACETATE,Other,$221.00 ,$222.00 
METHYLPREDNISOLONE SOD SUCC,IV-Inj,$180.00 ,$520.00 
METOCLOPRAMIDE HCL,IV-Inj,$180.00 ,$185.00 
METOCLOPRAMIDE HCL,Oral/Enteral,$1.00 ,$3.00 
METOLAZONE,Oral/Enteral,$2.00 ,$14.00 
METOPROLOL SUCCINATE,Oral/Enteral,$1.00 ,$5.00 
METOPROLOL TARTRATE,IV-Inj,$188.00 ,$188.00 
METOPROLOL TARTRATE,Oral/Enteral,$1.00 ,$1.00 
METRONIDAZOLE,Other,$115.00 ,$185.00 
METRONIDAZOLE,Oral/Enteral,$2.00 ,$2.00 
METRONIDAZOLE/SODIUM CHLORIDE,IV-Inj,$183.00 ,$183.00 
METYROSINE,Oral/Enteral,$430.00 ,$430.00 
MEXILETINE HCL,Oral/Enteral,$2.00 ,$2.00 
MICAFUNGIN SODIUM,IV-Inj,$278.00 ,$474.00 
MICONAZOLE NITRATE,Other,$2.00 ,$19.00 
MICROFIBRILLAR COLLAGEN,Other,$311.00 ,$311.00 
MIDAZOLAM HCL,IV-Inj,$181.00 ,$184.00 
MIDAZOLAM HCL,Oral/Enteral,$1.00 ,$60.00 
MIDAZOLAM HCL,Other,$2.00 ,$5.00 
MIDODRINE HCL,Oral/Enteral,$2.00 ,$5.00 
MIFEPRISTONE,Oral/Enteral,$116.00 ,$116.00 
MILRINONE LACTATE,IV-Inj,$191.00 ,$314.00 
MILRINONE LACTATE,Other,$220.00 ,$220.00 
MINERAL OIL (CHEMICALS - SOLVENTS),Other,$19.00 ,$19.00 
MINERAL OIL (LAXATIVE - LUBRICANT),Oral/Enteral,$1.00 ,$7.00 
MINERAL OIL (LAXATIVE - LUBRICANT),Other,$3.00 ,$3.00 
"MINERAL OIL/PETROLATUM,WHITE",Other,$4.00 ,$6.00 
MINOCYCLINE HCL,IV-Inj,$642.00 ,$642.00 
MINOCYCLINE HCL,Oral/Enteral,$1.00 ,$2.00 
MINOXIDIL,Oral/Enteral,$1.00 ,$3.00 
MIRTAZAPINE,Oral/Enteral,$1.00 ,$2.00 
MISOPROSTOL,Oral/Enteral,$2.00 ,$11.00 
MISOPROSTOL,Other,$2.00 ,$2.00 
MITOMYCIN,IV-Inj,"$1,715.00 ","$1,715.00 "
MITOMYCIN,Other,$303.00 ,$366.00 
MITOTANE,Oral/Enteral,$14.00 ,$14.00 
MITOXANTRONE HCL,IV-Inj,$405.00 ,$632.00 
MODAFINIL,Oral/Enteral,$18.00 ,$40.00 
MOGAMULIZUMAB-KPKC,IV-Inj,"$31,568.00 ","$31,568.00 "
MOMETASONE FUROATE,Other,$24.00 ,$330.00 
MONTELUKAST SODIUM,Oral/Enteral,$1.00 ,$2.00 
MORPHINE SULFATE,IV-Inj,$84.00 ,$962.00 
MORPHINE SULFATE,Oral/Enteral,$1.00 ,$4.00 
MOXIFLOXACIN,IV-Inj,$195.00 ,"$1,762.00 "
MOXIFLOXACIN,Other,$32.00 ,$216.00 
MOXIFLOXACIN,Oral/Enteral,$15.00 ,$25.00 
"MULTIVIT INFUSN,ADULT 4,VIT K",IV-Inj,$210.00 ,$210.00 
"MULTIVIT WITH IRON,MINERALS",Oral/Enteral,$1.00 ,$1.00 
MULTIVITAMIN,Oral/Enteral,$1.00 ,$1.00 
MULTIVITAMIN WITH IRON,Oral/Enteral,$1.00 ,$1.00 
MULTIVIT-MINS NO.7/FOLIC ACID,Oral/Enteral,$1.00 ,$1.00 
MUPIROCIN,Other,$10.00 ,$10.00 
MUPIROCIN CALCIUM,Other,$147.00 ,$161.00 
MYCOPHENOLATE MOFETIL,Oral/Enteral,$1.00 ,$5.00 
MYCOPHENOLATE MOFETIL HCL,IV-Inj,$233.00 ,$612.00 
MYCOPHENOLATE SODIUM,Oral/Enteral,$4.00 ,$21.00 
NADOLOL,Oral/Enteral,$7.00 ,$7.00 
NAFCILLIN SODIUM,IV-Inj,$204.00 ,$285.00 
NALBUPHINE HCL,IV-Inj,$196.00 ,$196.00 
NALOXONE HCL,Oral/Enteral,$55.00 ,$358.00 
NALOXONE HCL,IV-Inj,$184.00 ,$275.00 
NALOXONE HCL,Other,$199.00 ,$269.00 
NALTREXONE HCL,Oral/Enteral,$4.00 ,$4.00 
NALTREXONE MICROSPHERES,IV-Inj,"$3,798.00 ","$3,798.00 "
NAPHAZOLINE HCL/PHENIRAMINE,Other,$11.00 ,$11.00 
NAPROXEN,Oral/Enteral,$1.00 ,$1.00 
NATALIZUMAB,IV-Inj,"$17,519.00 ","$17,519.00 "
NEFAZODONE HCL,Oral/Enteral,$4.00 ,$8.00 
NELARABINE,IV-Inj,"$6,230.00 ","$9,907.00 "
NEOMYCIN SULF/BACITRACIN/POLY,Other,$1.00 ,$44.00 
NEOMYCIN SULF/POLYMYXIN B SULF,Other,$198.00 ,$233.00 
NEOMYCIN SULFATE,Oral/Enteral,$2.00 ,$5.00 
NEOMYCIN/POLYMYXIN B/DEXAMETHA,Other,$22.00 ,$22.00 
NEOMYCIN/POLYMYXIN B/HYDROCORT,Other,$104.00 ,$104.00 
NEOSTIGMINE METHYLSULFATE,IV-Inj,$181.00 ,$234.00 
NEOSTIGMINE METHYLSULFATE,Oral/Enteral,$6.00 ,$6.00 
NEPAFENAC,Other,$336.00 ,$336.00 
NEVIRAPINE,Oral/Enteral,$2.00 ,$2.00 
NIACIN,Oral/Enteral,$1.00 ,$4.00 
NIACINAMIDE,Oral/Enteral,$1.00 ,$1.00 
NICARDIPINE,IV-Inj,$218.00 ,$414.00 
NICARDIPINE,Oral/Enteral,$3.00 ,$4.00 
NICOTINE,Other,$3.00 ,$3.00 
NICOTINE POLACRILEX,Oral/Enteral,$1.00 ,$1.00 
NIFEDIPINE,Other,$281.00 ,$281.00 
NIFEDIPINE,Oral/Enteral,$1.00 ,$7.00 
NIMODIPINE,Oral/Enteral,$3.00 ,$41.00 
NITAZOXANIDE,Oral/Enteral,$115.00 ,$126.00 
NITROFURANTOIN,Oral/Enteral,$6.00 ,$70.00 
NITROFURANTOIN MONOHYD/M-CRYST,Oral/Enteral,$3.00 ,$6.00 
NITROGLYCERIN,IV-Inj,$180.00 ,$182.00 
NITROGLYCERIN,Other,$4.00 ,$4.00 
NITROGLYCERIN,Oral/Enteral,$1.00 ,$1.00 
NITROPRUSSIDE SODIUM,IV-Inj,$265.00 ,$419.00 
NIVOLUMAB,IV-Inj,"$3,142.00 ","$34,400.00 "
NOREPINEPHRINE BITARTRATE,IV-Inj,$206.00 ,$232.00 
NORETHINDRONE ACETATE,Oral/Enteral,$2.00 ,$4.00 
NORETHINDRONE-E.ESTRADIOL-IRON,Oral/Enteral,$1.00 ,$2.00 
NORETHINDRONE-ETHINYL ESTRAD,Oral/Enteral,$2.00 ,$2.00 
NORFLURANE/PENTAFLUOROPROPANE,Other,$38.00 ,$39.00 
NORTRIPTYLINE HCL,Oral/Enteral,$1.00 ,$1.00 
NUSINERSEN SODIUM/PF,IV-Inj,"$350,215.00 ","$350,215.00 "
NYSTATIN,Other,$3.00 ,$27.00 
NYSTATIN,Oral/Enteral,$2.00 ,$2.00 
NYSTATIN/TRIAMCIN,Other,$66.00 ,$89.00 
OBINUTUZUMAB,IV-Inj,"$17,366.00 ","$17,366.00 "
OCRELIZUMAB,IV-Inj,"$45,715.00 ","$91,215.00 "
OCTREOTIDE ACETATE,IV-Inj,$2.00 ,$35.00 
"OCTREOTIDE ACETATE,MI-SPHERES",IV-Inj,"$7,528.00 ","$22,555.00 "
OFLOXACIN,Other,$18.00 ,$18.00 
OLANZAPINE,IV-Inj,$246.00 ,$308.00 
OLANZAPINE,Oral/Enteral,$1.00 ,$3.00 
OLARATUMAB,IV-Inj,"$8,390.00 ","$29,298.00 "
OLMESARTAN MEDOXOMIL,Oral/Enteral,$1.00 ,$2.00 
OLOPATADINE HCL,Other,$40.00 ,$53.00 
OLSALAZINE SODIUM,Oral/Enteral,$34.00 ,$34.00 
OMALIZUMAB,IV-Inj,"$3,192.00 ","$12,125.00 "
OMEGA-3 FATTY ACIDS,Oral/Enteral,$1.00 ,$2.00 
OMEGA-3/DHA/EPA/FISH OIL,Oral/Enteral,$1.00 ,$1.00 
OMEPRAZOLE,Oral/Enteral,$1.00 ,$2.00 
ONABOTULINUMTOXINA,IV-Inj,$15.00 ,"$7,788.00 "
ONABOTULINUMTOXINA,Other,"$1,142.00 ","$5,263.00 "
ONDANSETRON,Oral/Enteral,$1.00 ,$2.00 
ONDANSETRON HCL,Oral/Enteral,$1.00 ,$4.00 
ONDANSETRON HCL/PF,IV-Inj,$180.00 ,$187.00 
OPIUM TINCTURE,Oral/Enteral,$6.00 ,$6.00 
OPIUM/BELLADONNA ALKALOIDS,Oral/Enteral,$30.00 ,$30.00 
ORGAN PRESERVATION SOLN-BELZER,Other,$48.00 ,$85.00 
OSELTAMIVIR PHOSPHATE,Oral/Enteral,$7.00 ,$21.00 
OSTOMY ADHESIVE,Other,$17.00 ,$17.00 
OXALIPLATIN,IV-Inj,$374.00 ,$518.00 
OXANDROLONE,Oral/Enteral,$6.00 ,$16.00 
OXCARBAZEPINE,Oral/Enteral,$1.00 ,$3.00 
OXITRIPTAN (5HYDROXYTRYPTOPHAN),Oral/Enteral,$1.00 ,$1.00 
OXYBUTYNIN CHLORIDE,Oral/Enteral,$2.00 ,$2.00 
OXYCODONE HCL,Oral/Enteral,$1.00 ,$3.00 
OXYCODONE HCL/ACETAMINOPHEN,Oral/Enteral,$1.00 ,$4.00 
OXYMETAZOLINE HCL,Other,$2.00 ,$2.00 
OXYTOCIN,IV-Inj,$183.00 ,$183.00 
PACLITAXEL,IV-Inj,$319.00 ,$487.00 
PACLITAXEL PROTEIN-BOUND,IV-Inj,"$4,761.00 ","$10,439.00 "
PALIPERIDONE,Oral/Enteral,$17.00 ,$97.00 
PALIPERIDONE PALMITATE,IV-Inj,"$2,354.00 ","$9,804.00 "
PALIVIZUMAB,IV-Inj,"$4,316.00 ","$12,518.00 "
PAMIDRONATE DISODIUM,IV-Inj,$213.00 ,$279.00 
PANITUMUMAB,IV-Inj,"$9,876.00 ","$25,836.00 "
PANTOPRAZOLE SODIUM,IV-Inj,$181.00 ,$199.00 
PANTOPRAZOLE SODIUM,Oral/Enteral,$2.00 ,$2.00 
PAPAVERINE HCL,IV-Inj,$205.00 ,$193.00 
PARAB/CET ALC/STRYL ALC/PG/SLS,Other,$9.00 ,$9.00 
PARICALCITOL,IV-Inj,$14.00 ,$14.00 
PAROXETINE HCL,Oral/Enteral,$1.00 ,$2.00 
PEDI MULTIVIT 22/VIT D3/VIT K,Oral/Enteral,$2.00 ,$2.00 
PEDI MULTIVIT 77/VIT D3/VIT K,Oral/Enteral,$1.00 ,$3.00 
PEDI MULTIVIT NO.46/IRON SULF,Oral/Enteral,$1.00 ,$1.00 
PEDI MV NO.80/FERROUS SULFATE,Oral/Enteral,$1.00 ,$1.00 
PEDIATRIC MULTIVIT 61/D3/VIT K,Oral/Enteral,$2.00 ,$2.00 
PEDIATRIC MULTIVITAMIN NO.20,Oral/Enteral,$1.00 ,$1.00 
"PEG3350/SOD SULF,BICARB,CL/KCL",Oral/Enteral,$12.00 ,$12.00 
PEGASPARGASE,IV-Inj,"$18,668.00 ","$38,567.00 "
PEGFILGRASTIM,IV-Inj,"$14,268.00 ","$14,268.00 "
PEGLOTICASE,IV-Inj,"$57,399.00 ","$57,399.00 "
PEMBROLIZUMAB,IV-Inj,"$25,495.00 ","$25,495.00 "
PEMETREXED DISODIUM,IV-Inj,"$11,350.00 ","$27,175.00 "
PENICILLIN G BENZATHINE,IV-Inj,$54.00 ,"$1,121.00 "
PENICILLIN G POTASSIUM,IV-Inj,$189.00 ,$389.00 
PENICILLIN V POTASSIUM,Oral/Enteral,$1.00 ,$1.00 
PENTAMIDINE ISETHIONATE,IV-Inj,$499.00 ,$499.00 
PENTAMIDINE ISETHIONATE,Other,$140.00 ,$140.00 
PENTAZOCINE HCL/NALOXONE HCL,Oral/Enteral,$3.00 ,$3.00 
PENTOBARBITAL SODIUM,IV-Inj,"$5,403.00 ","$7,997.00 "
PENTOBARBITAL SODIUM,Oral/Enteral,$72.00 ,$142.00 
PENTOSAN POLYSULFATE SODIUM,Oral/Enteral,$13.00 ,$13.00 
PENTOXIFYLLINE,Oral/Enteral,$1.00 ,$1.00 
PEPPERMINT OIL,Other,$23.00 ,$23.00 
PERAMIVIR/PF,IV-Inj,$748.00 ,$748.00 
PERAMPANEL,Oral/Enteral,$33.00 ,$118.00 
PERFADEX,Other,"$1,979.00 ","$1,979.00 "
PERFLUTREN LIPID MICROSPHERES,IV-Inj,$484.00 ,$484.00 
PERMETHRIN,Other,$1.00 ,$131.00 
PERPHENAZINE,Oral/Enteral,$2.00 ,$6.00 
PERTUZUMAB,IV-Inj,"$13,683.00 ","$13,683.00 "
"PETROLATUM,WHITE",Other,$6.00 ,$6.00 
PHENAZOPYRIDINE HCL,Oral/Enteral,$2.00 ,$4.00 
PHENELZINE SULFATE,Oral/Enteral,$2.00 ,$2.00 
PHENOBARBITAL,Oral/Enteral,$1.00 ,$2.00 
PHENOBARBITAL SODIUM,IV-Inj,$318.00 ,$318.00 
PHENOL,Other,$3.00 ,$3.00 
PHENOXYBENZAMINE HCL,Oral/Enteral,$284.00 ,$708.00 
PHENTOLAMINE MESYLATE,IV-Inj,"$1,309.00 ","$1,309.00 "
PHENTOLAMINE MESYLATE,Other,$186.00 ,"$1,309.00 "
PHENYLEPH/MINERAL OIL/PETROLAT,Oral/Enteral,$5.00 ,$5.00 
PHENYLEPHRINE HCL,IV-Inj,$181.00 ,$372.00 
PHENYLEPHRINE HCL,Other,$119.00 ,$119.00 
PHENYTOIN,Oral/Enteral,$1.00 ,$18.00 
PHENYTOIN SODIUM,IV-Inj,$182.00 ,$185.00 
PHENYTOIN SODIUM EXTENDED,Oral/Enteral,$2.00 ,$5.00 
PHYTONADIONE (VIT K1),IV-Inj,$232.00 ,$337.00 
PHYTONADIONE (VIT K1),Oral/Enteral,$6.00 ,$188.00 
PILOCARPINE HCL,Other,$94.00 ,$101.00 
PILOCARPINE HCL,Oral/Enteral,$2.00 ,$2.00 
PIMECROLIMUS,Other,$370.00 ,$370.00 
PIMOZIDE,Oral/Enteral,$3.00 ,$3.00 
PIOGLITAZONE HCL,Oral/Enteral,$1.00 ,$2.00 
PIPERACILLIN SODIUM/TAZOBACTAM,IV-Inj,$253.00 ,$253.00 
PIPERACILLIN SODIUM/TAZOBACTAM,Other,$218.00 ,$218.00 
PLERIXAFOR,IV-Inj,"$10,815.00 ","$21,593.00 "
PNEUMOC 13-VAL CONJ-DIP CRM/PF,IV-Inj,$237.00 ,$237.00 
PNEUMOCOCCAL 23-VAL P-SAC VAC,IV-Inj,$119.00 ,$119.00 
"PNV,CALCIUM 72/IRON,CARB/FOLIC",Oral/Enteral,$1.00 ,$1.00 
"POLIOMYELITIS VACCINE, KILLED",IV-Inj,$29.00 ,$29.00 
POLYETHYLENE GLYCOL 3350,Oral/Enteral,$2.00 ,$2.00 
POLYMYXIN B SULF/TRIMETHOPRIM,Other,$15.00 ,$15.00 
POLYMYXIN B SULFATE,Other,$23.00 ,$23.00 
POLYVINYL ALCOHOL/POVIDONE/PF,Other,$1.00 ,$1.00 
PORACTANT ALFA,Other,"$1,219.00 ","$4,759.00 "
POSACONAZOLE,IV-Inj,"$1,449.00 ","$1,449.00 "
POSACONAZOLE,Oral/Enteral,$35.00 ,$343.00 
POT BICARB/SOD BICARB/CIT AC,Oral/Enteral,$1.00 ,$1.00 
POTASSIUM ACETATE,IV-Inj,$188.00 ,$189.00 
POTASSIUM BICARBONATE/CIT AC,Oral/Enteral,$1.00 ,$3.00 
POTASSIUM CHLORIDE,IV-Inj,$13.00 ,$393.00 
POTASSIUM CHLORIDE,Other,$183.00 ,$183.00 
POTASSIUM CHLORIDE,Oral/Enteral,$1.00 ,$9.00 
POTASSIUM CITRATE,Oral/Enteral,$1.00 ,$5.00 
POTASSIUM IODIDE/IODINE,Oral/Enteral,$1.00 ,$13.00 
"POTASSIUM PHOS,M-BASIC-D-BASIC",IV-Inj,$221.00 ,$221.00 
"POTASSIUM PHOSPHATE,MONOBASIC",Oral/Enteral,$2.00 ,$2.00 
POVIDONE-IODINE,Other,$3.00 ,$13.00 
PRALATREXATE,IV-Inj,"$28,484.00 ","$42,618.00 "
PRAMIPEXOLE DI-HCL,Oral/Enteral,$1.00 ,$2.00 
PRAMOXINE HCL/CALAMINE,Other,$4.00 ,$4.00 
PRASUGREL HCL,Oral/Enteral,$21.00 ,$21.00 
PRAVASTATIN SODIUM,Oral/Enteral,$2.00 ,$4.00 
PRAZOSIN HCL,Oral/Enteral,$2.00 ,$9.00 
PREDNISOLONE,Oral/Enteral,$1.00 ,$1.00 
PREDNISOLONE ACETATE,Other,$43.00 ,$59.00 
PREDNISOLONE SOD PHOSPHATE,Oral/Enteral,$1.00 ,$4.00 
PREDNISONE,Oral/Enteral,$1.00 ,$2.00 
PREGABALIN,Oral/Enteral,$4.00 ,$34.00 
PRENATAL NO115/IRON/FOLIC ACID,Oral/Enteral,$1.00 ,$1.00 
"PRENATAL VIT,CALC78/IRON/FOLIC",Oral/Enteral,$1.00 ,$1.00 
PRENATAL VIT136/IRON/FOLIC ACD,Oral/Enteral,$1.00 ,$1.00 
PRENATAL VIT37/IRON/FOLIC ACID,Oral/Enteral,$1.00 ,$1.00 
PRIMAQUINE PHOSPHATE,Oral/Enteral,$5.00 ,$5.00 
PRIMIDONE,Oral/Enteral,$1.00 ,$3.00 
PRISMASATE,Other,$45.00 ,$515.00 
PRISMASATE,IV-Inj,$202.00 ,$202.00 
PROBENECID,Oral/Enteral,$2.00 ,$3.00 
PROCAINAMIDE HCL,IV-Inj,$183.00 ,$431.00 
PROCHLORPERAZINE,Oral/Enteral,$9.00 ,$9.00 
PROCHLORPERAZINE EDISYLATE,IV-Inj,$208.00 ,$208.00 
PROCHLORPERAZINE MALEATE,Oral/Enteral,$1.00 ,$2.00 
"PROGESTERONE, MICRONIZED",Other,$30.00 ,$30.00 
"PROGESTERONE, MICRONIZED",Oral/Enteral,$2.00 ,$3.00 
PROMETHAZINE HCL,IV-Inj,$182.00 ,$182.00 
PROMETHAZINE HCL,Oral/Enteral,$1.00 ,$1.00 
PROPAFENONE HCL,Oral/Enteral,$1.00 ,$2.00 
PROPANTHELINE BROMIDE,Oral/Enteral,$4.00 ,$4.00 
PROPARACAINE HCL,Other,$33.00 ,$33.00 
PROPOFOL,IV-Inj,$181.00 ,$234.00 
PROPRANOLOL HCL,IV-Inj,$186.00 ,$192.00 
PROPRANOLOL HCL,Oral/Enteral,$1.00 ,$2.00 
PROPYLTHIOURACIL,Oral/Enteral,$2.00 ,$9.00 
PROTAMINE SULFATE,IV-Inj,$204.00 ,$325.00 
PSEUDOEPHEDRINE HCL,Oral/Enteral,$1.00 ,$1.00 
PSYLLIUM HUSK (WITH SUGAR),Oral/Enteral,$1.00 ,$1.00 
PYRAZINAMIDE,Oral/Enteral,$7.00 ,$25.00 
PYRIDOSTIGMINE BROMIDE,IV-Inj,$270.00 ,$270.00 
PYRIDOSTIGMINE BROMIDE,Oral/Enteral,$1.00 ,$19.00 
PYRIDOXINE HCL (VITAMIN B6),IV-Inj,$198.00 ,$198.00 
PYRIDOXINE HCL (VITAMIN B6),Oral/Enteral,$1.00 ,$1.00 
PYRIMETHAMINE,Oral/Enteral,$71.00 ,$71.00 
QUETIAPINE FUMARATE,Oral/Enteral,$1.00 ,$2.00 
QUINIDINE GLUCONATE,Oral/Enteral,$8.00 ,$8.00 
QUINUPRISTIN/DALFOPRISTIN,IV-Inj,"$2,339.00 ","$2,339.00 "
RABIES IMMUNE GLOBULIN/PF,IV-Inj,"$5,986.00 ","$11,640.00 "
RABIES VACCINE (PCEC)/PF,IV-Inj,$420.00 ,$420.00 
RACEPINEPHRINE HCL,Other,$1.00 ,$1.00 
RALOXIFENE HCL,Oral/Enteral,$4.00 ,$4.00 
RALTEGRAVIR POTASSIUM,Oral/Enteral,$35.00 ,$35.00 
RAMIPRIL,Oral/Enteral,$1.00 ,$2.00 
RAMUCIRUMAB,IV-Inj,"$3,352.00 ","$30,817.00 "
RANIBIZUMAB,IV-Inj,"$4,313.00 ","$4,313.00 "
RANIBIZUMAB,Other,"$4,313.00 ","$4,313.00 "
RANITIDINE HCL,IV-Inj,$207.00 ,$207.00 
RANITIDINE HCL,Oral/Enteral,$1.00 ,$1.00 
RANOLAZINE,Oral/Enteral,$9.00 ,$17.00 
RASBURICASE,IV-Inj,"$4,614.00 ","$11,214.00 "
REGADENOSON,IV-Inj,$839.00 ,$839.00 
REMIFENTANIL HCL,IV-Inj,$198.00 ,$724.00 
RESLIZUMAB,IV-Inj,"$5,132.00 ","$10,049.00 "
RHO(D) IMMUNE GLOBULIN,IV-Inj,$412.00 ,$412.00 
RIBAVIRIN,Oral/Enteral,$3.00 ,$3.00 
RIBOFLAVIN (VITAMIN B2),Oral/Enteral,$1.00 ,$1.00 
RIFABUTIN,Oral/Enteral,$38.00 ,$38.00 
RIFAMPIN,IV-Inj,$401.00 ,$401.00 
RIFAMPIN,Oral/Enteral,$2.00 ,$2.00 
RIFAXIMIN,Oral/Enteral,$45.00 ,$45.00 
RILPIVIRINE HCL,Oral/Enteral,$49.00 ,$49.00 
RILUZOLE,Oral/Enteral,$4.00 ,$4.00 
RIMABOTULINUMTOXINB,IV-Inj,$340.00 ,"$4,678.00 "
"RINGER'S SOLUTION,LACTATED",IV-Inj,$14.00 ,$17.00 
"RINGER'S SOLUTION,LACTATED",Other,$16.00 ,$17.00 
RISPERIDONE,Oral/Enteral,$1.00 ,$2.00 
RISPERIDONE MICROSPHERES,IV-Inj,$845.00 ,"$2,542.00 "
RITONAVIR,Oral/Enteral,$13.00 ,$13.00 
RITUXIMAB,IV-Inj,"$7,459.00 ","$26,550.00 "
"RITUXIMAB/HYALURONIDASE,HUMAN",IV-Inj,"$17,004.00 ","$17,004.00 "
RIVAROXABAN,Oral/Enteral,$15.00 ,$15.00 
RIVASTIGMINE,Other,$11.00 ,$11.00 
RIVASTIGMINE TARTRATE,Oral/Enteral,$5.00 ,$19.00 
RIZATRIPTAN BENZOATE,Oral/Enteral,$3.00 ,$3.00 
ROCURONIUM BROMIDE,IV-Inj,$180.00 ,$237.00 
ROMIDEPSIN,IV-Inj,"$24,050.00 ","$26,689.00 "
ROMIPLOSTIM,IV-Inj,"$5,267.00 ","$10,320.00 "
ROPINIROLE HCL,Oral/Enteral,$1.00 ,$3.00 
ROPIVACAINE HCL/PF,Other,$182.00 ,$306.00 
ROPIVACAINE HCL/PF,IV-Inj,$181.00 ,$249.00 
ROSUVASTATIN CALCIUM,Oral/Enteral,$1.00 ,$1.00 
ROTOBLATOR FLUSH,Other,"$1,020.00 ","$1,020.00 "
ROTOBLATOR FLUSH,IV-Inj,$182.00 ,$182.00 
RUFINAMIDE,Oral/Enteral,$7.00 ,$159.00 
SACUBITRIL/VALSARTAN,Oral/Enteral,$11.00 ,$11.00 
SALIVA STIMULANT COMB. NO.3,Oral/Enteral,$5.00 ,$12.00 
SALIVA STIMULANT COMB. NO.7,Other,$7.00 ,$7.00 
SALMETEROL XINAFOATE,Other,$11.00 ,$11.00 
SALSALATE,Oral/Enteral,$3.00 ,$3.00 
SARGRAMOSTIM,IV-Inj,$604.00 ,$604.00 
SCOPOLAMINE,Other,$23.00 ,$23.00 
SEBELIPASE ALFA,IV-Inj,"$9,649.00 ","$9,935.00 "
SECRETIN ACETATE (HUMAN),IV-Inj,"$1,685.00 ","$1,685.00 "
SELEGILINE,Other,$73.00 ,$73.00 
SELEGILINE HCL,Oral/Enteral,$3.00 ,$3.00 
SELENIUM,Oral/Enteral,$1.00 ,$1.00 
SELENIUM SULFIDE,Other,$5.00 ,$12.00 
SENNOSIDES,Oral/Enteral,$1.00 ,$1.00 
SENNOSIDES/DOCUSATE SODIUM,Oral/Enteral,$1.00 ,$1.00 
SERTRALINE HCL,Oral/Enteral,$1.00 ,$2.00 
SEVELAMER CARBONATE,Oral/Enteral,$3.00 ,$8.00 
SILDENAFIL CITRATE,Oral/Enteral,$2.00 ,$61.00 
SILTUXIMAB,IV-Inj,"$15,507.00 ","$15,507.00 "
SILVER NITRATE,Oral/Enteral,$72.00 ,$72.00 
SILVER NITRATE,Other,$64.00 ,$64.00 
SILVER SULFADIAZINE,Other,$1.00 ,$105.00 
SIMETHICONE,Oral/Enteral,$1.00 ,$1.00 
SIMPLE SYRUP,Oral/Enteral,$1.00 ,$1.00 
SIMVASTATIN,Oral/Enteral,$1.00 ,$1.00 
SINCALIDE,IV-Inj,$483.00 ,$483.00 
SIPULEUCEL-T/LACTATED RINGERS,IV-Inj,"$145,256.00 ","$145,256.00 "
SIROLIMUS,Oral/Enteral,$5.00 ,$61.00 
SITAGLIPTIN PHOSPHATE,Oral/Enteral,$18.00 ,$35.00 
"SOD PHOS DI, MONO/K PHOS MONO",Oral/Enteral,$1.00 ,$2.00 
"SOD PHOSPHATE,MONOBASIC-DIBAS",IV-Inj,$181.00 ,$254.00 
"SOD PHOSPHATE,MONOBASIC-DIBAS",Other,$185.00 ,$190.00 
SODIUM ACETATE,IV-Inj,$181.00 ,$197.00 
SODIUM ACETATE,Other,$182.00 ,$182.00 
SODIUM BENZOATE,Other,$1.00 ,$2.00 
SODIUM BENZOATE,Oral/Enteral,$1.00 ,$1.00 
SODIUM BENZOATE/SOD PHENYLACET,IV-Inj,"$47,535.00 ","$128,065.00 "
SODIUM BICARBONATE,Other,$191.00 ,$436.00 
SODIUM BICARBONATE,IV-Inj,$181.00 ,$335.00 
SODIUM BICARBONATE,Oral/Enteral,$1.00 ,$1.00 
SODIUM CHLOR/HYPOCHLOROUS ACID,Other,$34.00 ,$34.00 
Sodium Chloride,Other,$2.00 ,$193.00 
Sodium Chloride,IV-Inj,$193.00 ,$193.00 
Sodium Chloride,Oral/Enteral,$1.00 ,$4.00 
SODIUM CHLORIDE (OPHTHALMIC - HYPEROSMOLAR AGENTS),Other,$13.00 ,$13.00 
SODIUM CHLORIDE 0.45 %,IV-Inj,$16.00 ,$16.00 
SODIUM CHLORIDE 0.45 %,Other,$16.00 ,$16.00 
SODIUM CHLORIDE 0.9 %,IV-Inj,$8.00 ,$20.00 
SODIUM CHLORIDE 0.9 %,Oral/Enteral,$3.00 ,$5.00 
SODIUM CHLORIDE 3 %,IV-Inj,$18.00 ,$18.00 
SODIUM CHLORIDE 5 %,Other,$16.00 ,$30.00 
SODIUM CHLORIDE FOR INHALATION,Other,$1.00 ,$2.00 
SODIUM CHLORIDE IRRIG SOLUTION,Other,$13.00 ,$241.00 
SODIUM CHLORIDE/ALOE VERA,Other,$4.00 ,$4.00 
SODIUM CITRATE,Other,$18.00 ,$18.00 
SODIUM FERRIC GLUCONAT/SUCROSE,IV-Inj,$279.00 ,$379.00 
SODIUM GLYCEROPHOSPHATE,IV-Inj,$214.00 ,$283.00 
SODIUM HYPOCHLORITE,Other,$14.00 ,$15.00 
SODIUM PHENYLBUTYRATE,Oral/Enteral,$13.00 ,$13.00 
"SODIUM PHOSPHATE,MONO-DIBASIC",Oral/Enteral,$2.00 ,$2.00 
SODIUM POLYSTYRENE SULFON/SORB,Oral/Enteral,$5.00 ,$36.00 
SODIUM POLYSTYRENE SULFONATE,Oral/Enteral,$1.00 ,$18.00 
SODIUM TETRADECYL SULFATE,IV-Inj,$414.00 ,"$1,115.00 "
SODIUM THIOSULFATE (ANTIDOTE - CYANIDE POISONING),IV-Inj,$849.00 ,$849.00 
SOLIFENACIN SUCCINATE,Oral/Enteral,$16.00 ,$31.00 
SORBITOL SOLUTION,Oral/Enteral,$7.00 ,$7.00 
SOTALOL HCL,Oral/Enteral,$1.00 ,$1.00 
SPIRONOLACT/HYDROCHLOROTHIAZID,Oral/Enteral,$2.00 ,$2.00 
SPIRONOLACTONE,Oral/Enteral,$1.00 ,$3.00 
SUCCINYLCHOLINE CHLORIDE,IV-Inj,$314.00 ,$314.00 
SUCRALFATE,Other,$43.00 ,$43.00 
SUCRALFATE,Oral/Enteral,$1.00 ,$23.00 
SUCROSE,Oral/Enteral,$3.00 ,$3.00 
SUFENTANIL CITRATE,IV-Inj,$186.00 ,$808.00 
SUGAMMADEX SODIUM,IV-Inj,$464.00 ,$464.00 
SULFACETAMIDE SODIUM,Other,$65.00 ,$65.00 
SULFAMETHOXAZOLE/TRIMETHOPRIM,IV-Inj,$203.00 ,$250.00 
SULFAMETHOXAZOLE/TRIMETHOPRIM,Oral/Enteral,$1.00 ,$3.00 
SULFASALAZINE,Oral/Enteral,$1.00 ,$2.00 
SULFUR HEXAFLUORIDE MICROSPHR,IV-Inj,$350.00 ,$605.00 
SUMATRIPTAN,Other,$65.00 ,$104.00 
SUMATRIPTAN SUCCINATE,IV-Inj,$11.00 ,$11.00 
SUMATRIPTAN SUCCINATE,Oral/Enteral,$3.00 ,$8.00 
TACROLIMUS,IV-Inj,$283.00 ,$283.00 
TACROLIMUS,Other,$273.00 ,$273.00 
TACROLIMUS,Oral/Enteral,$1.00 ,$3.00 
TADALAFIL,Oral/Enteral,$3.00 ,$92.00 
TALC,Other,$177.00 ,$177.00 
TALIMOGENE LAHERPAREPVEC,IV-Inj,"$13,484.00 ","$13,484.00 "
TAMOXIFEN CITRATE,Oral/Enteral,$2.00 ,$2.00 
TAMSULOSIN HCL,Oral/Enteral,$1.00 ,$1.00 
TEDIZOLID PHOSPHATE,Oral/Enteral,$365.00 ,$365.00 
TELMISARTAN,Oral/Enteral,$2.00 ,$10.00 
TEMAZEPAM,Oral/Enteral,$1.00 ,$7.00 
TEMOZOLOMIDE,Oral/Enteral,$58.00 ,$223.00 
TEMSIROLIMUS,IV-Inj,"$3,915.00 ","$5,818.00 "
TENOFOVIR ALAFENAMIDE FUMARATE,Oral/Enteral,$50.00 ,$50.00 
TENOFOVIR DISOPROXIL FUMARATE,Oral/Enteral,$6.00 ,$6.00 
TERAZOSIN HCL,Oral/Enteral,$1.00 ,$1.00 
TERBINAFINE HCL,Other,$9.00 ,$9.00 
TERBINAFINE HCL,Oral/Enteral,$1.00 ,$1.00 
TERBUTALINE SULFATE,IV-Inj,$184.00 ,$184.00 
TESTOSTERONE,IV-Inj,"$1,895.00 ","$2,735.00 "
TESTOSTERONE CYPIONATE,IV-Inj,$190.00 ,$256.00 
TESTOSTERONE UNDECANOATE,IV-Inj,"$3,063.00 ","$3,063.00 "
TETANUS IMMUNE GLOBULIN/PF,IV-Inj,"$1,473.00 ","$2,477.00 "
TETANUS IMMUNE GLOBULIN/PF,Other,"$1,473.00 ","$1,473.00 "
"TETANUS, DIPHTHERIA TOX,ADULT",IV-Inj,$27.00 ,$32.00 
TETANUS-DIPHTHERIA TOXOIDS,IV-Inj,$32.00 ,$32.00 
TETRABENAZINE,Oral/Enteral,$44.00 ,$44.00 
TETRACAINE HCL,IV-Inj,$288.00 ,$288.00 
TETRACAINE HCL,Other,$1.00 ,$29.00 
TETRACAINE/BENZOCAINE/BUTAMBEN,Other,$73.00 ,$73.00 
TETRACYCLINE HCL,Oral/Enteral,$13.00 ,$13.00 
THEOPHYLLINE ANHYDROUS,Oral/Enteral,$2.00 ,$7.00 
THIAMINE HCL,IV-Inj,$181.00 ,$225.00 
THIAMINE HCL,Oral/Enteral,$1.00 ,$1.00 
THIOGUANINE,Oral/Enteral,$34.00 ,$34.00 
THIOTEPA,IV-Inj,"$5,400.00 ","$82,562.00 "
THIOTHIXENE,Oral/Enteral,$3.00 ,$3.00 
THROMBIN (BOVINE),Other,$23.00 ,$854.00 
THROMBIN (BOVINE),Oral/Enteral,$127.00 ,$127.00 
THROMBIN (RECOMBINANT),Other,$35.00 ,$254.00 
THROMBIN/FIBRINOGN/APROTIN/CAL,Other,"$1,258.00 ","$1,258.00 "
"THYROID,PORK",Oral/Enteral,$2.00 ,$7.00 
THYROTROPIN ALFA,IV-Inj,"$8,797.00 ","$8,797.00 "
TIAGABINE HCL,Oral/Enteral,$19.00 ,$19.00 
TICAGRELOR,Oral/Enteral,$9.00 ,$9.00 
TIGECYCLINE,IV-Inj,$350.00 ,$371.00 
TIMOLOL,Other,$7.00 ,$7.00 
TIOTROPIUM BROMIDE,Other,$53.00 ,$53.00 
TIZANIDINE HCL,Oral/Enteral,$1.00 ,$3.00 
TOBRAMYCIN,Other,$3.00 ,$282.00 
TOBRAMYCIN IN 0.225% SOD CHLOR,Other,$3.00 ,$136.00 
TOBRAMYCIN SULFATE,IV-Inj,$181.00 ,$204.00 
TOBRAMYCIN SULFATE,Other,$182.00 ,$182.00 
TOBRAMYCIN/DEXAMETHASONE,Other,$266.00 ,$283.00 
TOCILIZUMAB,IV-Inj,"$2,497.00 ","$12,171.00 "
TOLNAFTATE,Other,$5.00 ,$5.00 
TOLTERODINE TARTRATE,Oral/Enteral,$4.00 ,$16.00 
TOPIRAMATE,Oral/Enteral,$1.00 ,$2.00 
TOPOTECAN HCL,IV-Inj,$401.00 ,$401.00 
TORSEMIDE,Oral/Enteral,$1.00 ,$2.00 
TRABECTEDIN,IV-Inj,"$15,750.00 ","$31,200.00 "
TRAMADOL HCL,Oral/Enteral,$1.00 ,$1.00 
TRANEXAMIC ACID,IV-Inj,$188.00 ,$287.00 
TRANEXAMIC ACID,Other,$222.00 ,$231.00 
TRANYLCYPROMINE SULFATE,Oral/Enteral,$4.00 ,$6.00 
TRASTUZUMAB,IV-Inj,"$5,792.00 ","$23,351.00 "
TRAVOPROST,Other,$224.00 ,$224.00 
TRAZODONE HCL,Oral/Enteral,$1.00 ,$1.00 
TREPROSTINIL SODIUM,IV-Inj,"$4,342.00 ","$4,342.00 "
TRETINOIN,Oral/Enteral,$159.00 ,$159.00 
TRETINOIN,Other,$117.00 ,$117.00 
TRIAMCINOLONE ACETONIDE,IV-Inj,$208.00 ,$209.00 
TRIAMCINOLONE ACETONIDE,Other,$4.00 ,$34.00 
TRIAMCINOLONE ACETONIDE/PF,Other,$320.00 ,$640.00 
TRIAMTERENE,Oral/Enteral,$14.00 ,$14.00 
TRIAMTERENE/HYDROCHLOROTHIAZID,Oral/Enteral,$1.00 ,$3.00 
TRIFLUOPERAZINE HCL,Oral/Enteral,$2.00 ,$4.00 
TRIHEXYPHENIDYL HCL,Oral/Enteral,$1.00 ,$2.00 
TRIMETHOPRIM,Oral/Enteral,$2.00 ,$2.00 
TRIPTORELIN PAMOATE,IV-Inj,"$5,022.00 ","$44,300.00 "
TROLAMINE SALICYLATE,Other,$4.00 ,$4.00 
TROPICAMIDE,Other,$11.00 ,$41.00 
TROSPIUM CHLORIDE,Oral/Enteral,$3.00 ,$3.00 
TRYPAN BLUE,Other,$268.00 ,$268.00 
TRYPTOPHAN,Other,$2.00 ,$2.00 
"TUBERCULIN,PURIF.PROT.DERIV.",IV-Inj,$202.00 ,$202.00 
TYPHOID VI POLYSACCH VACCINE,IV-Inj,$106.00 ,$106.00 
UBIDECARENONE,Oral/Enteral,$1.00 ,$4.00 
UREA (DERMATOLOGICAL - EMOLLIENTS),Oral/Enteral,$551.00 ,"$1,100.00 "
UREA (DERMATOLOGICAL - EMOLLIENTS),Other,$12.00 ,$12.00 
URSODIOL,Oral/Enteral,$9.00 ,$9.00 
USTEKINUMAB,IV-Inj,"$4,695.00 ","$56,554.00 "
VALACYCLOVIR HCL,Oral/Enteral,$2.00 ,$2.00 
VALGANCICLOVIR HCL,Oral/Enteral,$8.00 ,$59.00 
VALPROIC ACID,Oral/Enteral,$1.00 ,$2.00 
VALPROIC ACID (AS SODIUM SALT),IV-Inj,$187.00 ,$240.00 
VALPROIC ACID (AS SODIUM SALT),Oral/Enteral,$1.00 ,$5.00 
VALRUBICIN,IV-Inj,"$13,497.00 ","$13,497.00 "
VALSARTAN,Oral/Enteral,$1.00 ,$6.00 
VANCOMYCIN HCL,IV-Inj,$180.00 ,$318.00 
VANCOMYCIN HCL,Other,$180.00 ,$192.00 
VANCOMYCIN HCL,Oral/Enteral,$9.00 ,$9.00 
VARENICLINE TARTRATE,Oral/Enteral,$10.00 ,$10.00 
VARICELLA VACCINE LIVE/PF,IV-Inj,$163.00 ,$163.00 
VARICELLA-ZOSTER,IV-Inj,$182.00 ,$182.00 
VASOPRESSIN,IV-Inj,$181.00 ,"$1,122.00 "
VECURONIUM BROMIDE,IV-Inj,$180.00 ,$336.00 
VEDOLIZUMAB,IV-Inj,"$16,632.00 ","$16,632.00 "
VENETOCLAX,Oral/Enteral,$114.00 ,$454.00 
VENLAFAXINE HCL,Oral/Enteral,$1.00 ,$3.00 
VERAPAMIL HCL,IV-Inj,$264.00 ,$264.00 
VERAPAMIL HCL,Oral/Enteral,$1.00 ,$7.00 
VERTEPORFIN,IV-Inj,"$2,442.00 ","$4,083.00 "
VIGABATRIN,Oral/Enteral,$1.00 ,$1.00 
VILAZODONE HCL,Oral/Enteral,$12.00 ,$12.00 
VINBLASTINE SULFATE,IV-Inj,$319.00 ,$452.00 
VINCRISTINE SULFATE,IV-Inj,$326.00 ,$326.00 
VINORELBINE TARTRATE,IV-Inj,$329.00 ,$419.00 
VIT B CPLX C NO.13/FOLIC AC/D3,Oral/Enteral,$9.00 ,$9.00 
VIT E ACET/GLY/DIMETH/WATER,Other,$9.00 ,$9.00 
VITAMIN A,Oral/Enteral,$1.00 ,$7.00 
VITAMIN E,Oral/Enteral,$1.00 ,$1.00 
VITS A AND D/WHITE PET/LANOLIN,Other,$1.00 ,$1.00 
"VITS A,C,E/LUTEIN/MINERALS",Oral/Enteral,$1.00 ,$1.00 
VORICONAZOLE,IV-Inj,$297.00 ,$764.00 
VORICONAZOLE,Other,$297.00 ,$297.00 
VORICONAZOLE,Oral/Enteral,$10.00 ,$95.00 
VORTIOXETINE HYDROBROMIDE,Oral/Enteral,$5.00 ,$15.00 
WARFARIN SODIUM,Oral/Enteral,$1.00 ,$1.00 
"WATER FOR INJECTION,STERILE",IV-Inj,$11.00 ,$295.00 
"WATER FOR INJECTION,STERILE",Other,$11.00 ,$22.00 
"WATER FOR IRRIGATION,STERILE",Other,$11.00 ,$22.00 
"WATER FOR IRRIGATION,STERILE",Oral/Enteral,$11.00 ,$11.00 
ZICONOTIDE ACETATE,IV-Inj,"$45,206.00 ","$45,206.00 "
ZIDOVUDINE,IV-Inj,$271.00 ,$271.00 
ZIDOVUDINE,Oral/Enteral,$1.00 ,$7.00 
ZINC OXIDE,Other,$1.00 ,$9.00 
ZINC SULFATE,Oral/Enteral,$1.00 ,$1.00 
ZIPRASIDONE HCL,Oral/Enteral,$2.00 ,$14.00 
ZIPRASIDONE MESYLATE,IV-Inj,$329.00 ,$329.00 
ZOLEDRONIC ACID,IV-Inj,$271.00 ,$301.00 
ZOLEDRONIC ACID/MANNITOL-WATER,IV-Inj,$404.00 ,"$3,181.00 "
ZOLPIDEM TARTRATE,Oral/Enteral,$1.00 ,$1.00 
ZONISAMIDE,Oral/Enteral,$1.00 ,$5.00 
